plate_unique,plate_id,plate_well,rfu
plate_0,RFP_1_plate_1_shaking,A1,27.081
plate_0,RFP_1_plate_1_shaking,A2,22.001
plate_0,RFP_1_plate_1_shaking,A3,12.949
plate_0,RFP_1_plate_1_shaking,A4,10.328
plate_0,RFP_1_plate_1_shaking,A5,9.264
plate_0,RFP_1_plate_1_shaking,A6,10.017
plate_0,RFP_1_plate_1_shaking,A7,9.373
plate_0,RFP_1_plate_1_shaking,A8,9.049
plate_0,RFP_1_plate_1_shaking,A9,3.78
plate_0,RFP_1_plate_1_shaking,A10,3.915
plate_0,RFP_1_plate_1_shaking,A11,3.403
plate_0,RFP_1_plate_1_shaking,A12,4.281
plate_0,RFP_1_plate_1_shaking,B1,25.697
plate_0,RFP_1_plate_1_shaking,B2,19.707
plate_0,RFP_1_plate_1_shaking,B3,12.412
plate_0,RFP_1_plate_1_shaking,B4,9.651
plate_0,RFP_1_plate_1_shaking,B5,8.894
plate_0,RFP_1_plate_1_shaking,B6,8.37
plate_0,RFP_1_plate_1_shaking,B7,7.89
plate_0,RFP_1_plate_1_shaking,B8,7.958
plate_0,RFP_1_plate_1_shaking,B9,3.715
plate_0,RFP_1_plate_1_shaking,B10,3.585
plate_0,RFP_1_plate_1_shaking,B11,3.746
plate_0,RFP_1_plate_1_shaking,B12,3.714
plate_0,RFP_1_plate_1_shaking,C1,25.426
plate_0,RFP_1_plate_1_shaking,C2,19.263
plate_0,RFP_1_plate_1_shaking,C3,11.831
plate_0,RFP_1_plate_1_shaking,C4,9.171
plate_0,RFP_1_plate_1_shaking,C5,8.649
plate_0,RFP_1_plate_1_shaking,C6,8.361
plate_0,RFP_1_plate_1_shaking,C7,8.079
plate_0,RFP_1_plate_1_shaking,C8,7.718
plate_0,RFP_1_plate_1_shaking,C9,15.364
plate_0,RFP_1_plate_1_shaking,C10,4.03
plate_0,RFP_1_plate_1_shaking,C11,3.689
plate_0,RFP_1_plate_1_shaking,C12,3.778
plate_0,RFP_1_plate_1_shaking,D1,23.99
plate_0,RFP_1_plate_1_shaking,D2,17.737
plate_0,RFP_1_plate_1_shaking,D3,11.529
plate_0,RFP_1_plate_1_shaking,D4,9.028
plate_0,RFP_1_plate_1_shaking,D5,8.39
plate_0,RFP_1_plate_1_shaking,D6,7.138
plate_0,RFP_1_plate_1_shaking,D7,8.295
plate_0,RFP_1_plate_1_shaking,D8,7.614
plate_0,RFP_1_plate_1_shaking,D9,7.941
plate_0,RFP_1_plate_1_shaking,D10,4.104
plate_0,RFP_1_plate_1_shaking,D11,3.449
plate_0,RFP_1_plate_1_shaking,D12,4.18
plate_0,RFP_1_plate_1_shaking,E1,25.575
plate_0,RFP_1_plate_1_shaking,E2,18.693
plate_0,RFP_1_plate_1_shaking,E3,13.842
plate_0,RFP_1_plate_1_shaking,E4,8.801
plate_0,RFP_1_plate_1_shaking,E5,8.617
plate_0,RFP_1_plate_1_shaking,E6,8.761
plate_0,RFP_1_plate_1_shaking,E7,7.607
plate_0,RFP_1_plate_1_shaking,E8,6.783
plate_0,RFP_1_plate_1_shaking,E9,7.665
plate_0,RFP_1_plate_1_shaking,E10,3.995
plate_0,RFP_1_plate_1_shaking,E11,3.699
plate_0,RFP_1_plate_1_shaking,E12,4.007
plate_0,RFP_1_plate_1_shaking,F1,20.263
plate_0,RFP_1_plate_1_shaking,F2,18.744
plate_0,RFP_1_plate_1_shaking,F3,10.524
plate_0,RFP_1_plate_1_shaking,F4,9.07
plate_0,RFP_1_plate_1_shaking,F5,8.943
plate_0,RFP_1_plate_1_shaking,F6,8.472
plate_0,RFP_1_plate_1_shaking,F7,7.529
plate_0,RFP_1_plate_1_shaking,F8,7.117
plate_0,RFP_1_plate_1_shaking,F9,8.65
plate_0,RFP_1_plate_1_shaking,F10,3.783
plate_0,RFP_1_plate_1_shaking,F11,6.339
plate_0,RFP_1_plate_1_shaking,F12,4.157
plate_0,RFP_1_plate_1_shaking,G1,21.787
plate_0,RFP_1_plate_1_shaking,G2,18.651
plate_0,RFP_1_plate_1_shaking,G3,10.816
plate_0,RFP_1_plate_1_shaking,G4,10.301
plate_0,RFP_1_plate_1_shaking,G5,8.627
plate_0,RFP_1_plate_1_shaking,G6,8.416
plate_0,RFP_1_plate_1_shaking,G7,7.661
plate_0,RFP_1_plate_1_shaking,G8,7.283
plate_0,RFP_1_plate_1_shaking,G9,5.94
plate_0,RFP_1_plate_1_shaking,G10,4.305
plate_0,RFP_1_plate_1_shaking,G11,3.25
plate_0,RFP_1_plate_1_shaking,G12,4.08
plate_0,RFP_1_plate_1_shaking,H1,24.003
plate_0,RFP_1_plate_1_shaking,H2,25.557
plate_0,RFP_1_plate_1_shaking,H3,13.775
plate_0,RFP_1_plate_1_shaking,H4,9.558
plate_0,RFP_1_plate_1_shaking,H5,9.963
plate_0,RFP_1_plate_1_shaking,H6,8.959
plate_0,RFP_1_plate_1_shaking,H7,9.242
plate_0,RFP_1_plate_1_shaking,H8,7.568
plate_0,RFP_1_plate_1_shaking,H9,8.265
plate_0,RFP_1_plate_1_shaking,H10,4.019
plate_0,RFP_1_plate_1_shaking,H11,3.611
plate_0,RFP_1_plate_1_shaking,H12,4.035
plate_1,RFP_2_plate_1,A1,28.266
plate_1,RFP_2_plate_1,A2,18.098
plate_1,RFP_2_plate_1,A3,9.273
plate_1,RFP_2_plate_1,A4,8.691
plate_1,RFP_2_plate_1,A5,9.489
plate_1,RFP_2_plate_1,A6,10.369
plate_1,RFP_2_plate_1,A7,9.442
plate_1,RFP_2_plate_1,A8,9.72
plate_1,RFP_2_plate_1,A9,9.488
plate_1,RFP_2_plate_1,A10,3.764
plate_1,RFP_2_plate_1,A11,3.405
plate_1,RFP_2_plate_1,A12,4.009
plate_1,RFP_2_plate_1,B1,27.338
plate_1,RFP_2_plate_1,B2,13.923
plate_1,RFP_2_plate_1,B3,8.203
plate_1,RFP_2_plate_1,B4,7.99
plate_1,RFP_2_plate_1,B5,8.682
plate_1,RFP_2_plate_1,B6,10.713
plate_1,RFP_2_plate_1,B7,10.374
plate_1,RFP_2_plate_1,B8,7.645
plate_1,RFP_2_plate_1,B9,7.566
plate_1,RFP_2_plate_1,B10,4.076
plate_1,RFP_2_plate_1,B11,3.268
plate_1,RFP_2_plate_1,B12,3.605
plate_1,RFP_2_plate_1,C1,26.776
plate_1,RFP_2_plate_1,C2,13.471
plate_1,RFP_2_plate_1,C3,7.355
plate_1,RFP_2_plate_1,C4,8.161
plate_1,RFP_2_plate_1,C5,9.153
plate_1,RFP_2_plate_1,C6,9.744
plate_1,RFP_2_plate_1,C7,10.182
plate_1,RFP_2_plate_1,C8,8.23
plate_1,RFP_2_plate_1,C9,8.941
plate_1,RFP_2_plate_1,C10,4.153
plate_1,RFP_2_plate_1,C11,3.22
plate_1,RFP_2_plate_1,C12,3.506
plate_1,RFP_2_plate_1,D1,26.855
plate_1,RFP_2_plate_1,D2,14.773
plate_1,RFP_2_plate_1,D3,8.442
plate_1,RFP_2_plate_1,D4,7.055
plate_1,RFP_2_plate_1,D5,8.81
plate_1,RFP_2_plate_1,D6,9.367
plate_1,RFP_2_plate_1,D7,9.812
plate_1,RFP_2_plate_1,D8,8.565
plate_1,RFP_2_plate_1,D9,9.123
plate_1,RFP_2_plate_1,D10,4.305
plate_1,RFP_2_plate_1,D11,3.278
plate_1,RFP_2_plate_1,D12,3.809
plate_1,RFP_2_plate_1,E1,27.946
plate_1,RFP_2_plate_1,E2,13.393
plate_1,RFP_2_plate_1,E3,7.64
plate_1,RFP_2_plate_1,E4,7.377
plate_1,RFP_2_plate_1,E5,7.993
plate_1,RFP_2_plate_1,E6,8.88
plate_1,RFP_2_plate_1,E7,8.929
plate_1,RFP_2_plate_1,E8,8.803
plate_1,RFP_2_plate_1,E9,9.056
plate_1,RFP_2_plate_1,E10,3.93
plate_1,RFP_2_plate_1,E11,3.525
plate_1,RFP_2_plate_1,E12,3.531
plate_1,RFP_2_plate_1,F1,26.995
plate_1,RFP_2_plate_1,F2,16.909
plate_1,RFP_2_plate_1,F3,7.954
plate_1,RFP_2_plate_1,F4,6.853
plate_1,RFP_2_plate_1,F5,8.982
plate_1,RFP_2_plate_1,F6,8.449
plate_1,RFP_2_plate_1,F7,8.553
plate_1,RFP_2_plate_1,F8,8.416
plate_1,RFP_2_plate_1,F9,4.511
plate_1,RFP_2_plate_1,F10,3.817
plate_1,RFP_2_plate_1,F11,4.103
plate_1,RFP_2_plate_1,F12,3.476
plate_1,RFP_2_plate_1,G1,25.472
plate_1,RFP_2_plate_1,G2,15.539
plate_1,RFP_2_plate_1,G3,8.261
plate_1,RFP_2_plate_1,G4,7.618
plate_1,RFP_2_plate_1,G5,8.11
plate_1,RFP_2_plate_1,G6,8.858
plate_1,RFP_2_plate_1,G7,8.427
plate_1,RFP_2_plate_1,G8,7.968
plate_1,RFP_2_plate_1,G9,7.728
plate_1,RFP_2_plate_1,G10,4.142
plate_1,RFP_2_plate_1,G11,3.911
plate_1,RFP_2_plate_1,G12,4.163
plate_1,RFP_2_plate_1,H1,24.333
plate_1,RFP_2_plate_1,H2,17.396
plate_1,RFP_2_plate_1,H3,9.423
plate_1,RFP_2_plate_1,H4,8.534
plate_1,RFP_2_plate_1,H5,9.625
plate_1,RFP_2_plate_1,H6,9.325
plate_1,RFP_2_plate_1,H7,10.052
plate_1,RFP_2_plate_1,H8,9.614
plate_1,RFP_2_plate_1,H9,4.22
plate_1,RFP_2_plate_1,H10,3.586
plate_1,RFP_2_plate_1,H11,3.648
plate_1,RFP_2_plate_1,H12,3.385
plate_2,RFP_3_plate_1,A1,28.412
plate_2,RFP_3_plate_1,A2,7.67
plate_2,RFP_3_plate_1,A3,16.822
plate_2,RFP_3_plate_1,A4,18.7
plate_2,RFP_3_plate_1,A5,16.462
plate_2,RFP_3_plate_1,A6,16.596
plate_2,RFP_3_plate_1,A7,13.411
plate_2,RFP_3_plate_1,A8,11.357
plate_2,RFP_3_plate_1,A9,9.408
plate_2,RFP_3_plate_1,A10,2.68
plate_2,RFP_3_plate_1,A11,2.635
plate_2,RFP_3_plate_1,A12,1.95
plate_2,RFP_3_plate_1,B1,28.623
plate_2,RFP_3_plate_1,B2,20.801
plate_2,RFP_3_plate_1,B3,15.094
plate_2,RFP_3_plate_1,B4,16.259
plate_2,RFP_3_plate_1,B5,14.575
plate_2,RFP_3_plate_1,B6,13.05
plate_2,RFP_3_plate_1,B7,10.435
plate_2,RFP_3_plate_1,B8,10.433
plate_2,RFP_3_plate_1,B9,7.651
plate_2,RFP_3_plate_1,B10,3.377
plate_2,RFP_3_plate_1,B11,3.391
plate_2,RFP_3_plate_1,B12,2.523
plate_2,RFP_3_plate_1,C1,24.371
plate_2,RFP_3_plate_1,C2,24.096
plate_2,RFP_3_plate_1,C3,14.613
plate_2,RFP_3_plate_1,C4,15.954
plate_2,RFP_3_plate_1,C5,14.237
plate_2,RFP_3_plate_1,C6,11.226
plate_2,RFP_3_plate_1,C7,10.95
plate_2,RFP_3_plate_1,C8,8.972
plate_2,RFP_3_plate_1,C9,5.229
plate_2,RFP_3_plate_1,C10,4.129
plate_2,RFP_3_plate_1,C11,3.818
plate_2,RFP_3_plate_1,C12,3.346
plate_2,RFP_3_plate_1,D1,24.606
plate_2,RFP_3_plate_1,D2,24.658
plate_2,RFP_3_plate_1,D3,13.535
plate_2,RFP_3_plate_1,D4,16.211
plate_2,RFP_3_plate_1,D5,12.978
plate_2,RFP_3_plate_1,D6,11.516
plate_2,RFP_3_plate_1,D7,10.312
plate_2,RFP_3_plate_1,D8,8.471
plate_2,RFP_3_plate_1,D9,8.195
plate_2,RFP_3_plate_1,D10,8.748
plate_2,RFP_3_plate_1,D11,4.375
plate_2,RFP_3_plate_1,D12,3.558
plate_2,RFP_3_plate_1,E1,21.184
plate_2,RFP_3_plate_1,E2,23.259
plate_2,RFP_3_plate_1,E3,14.264
plate_2,RFP_3_plate_1,E4,15.087
plate_2,RFP_3_plate_1,E5,13.398
plate_2,RFP_3_plate_1,E6,11.3
plate_2,RFP_3_plate_1,E7,9.411
plate_2,RFP_3_plate_1,E8,8.776
plate_2,RFP_3_plate_1,E9,4.535
plate_2,RFP_3_plate_1,E10,4.447
plate_2,RFP_3_plate_1,E11,4.337
plate_2,RFP_3_plate_1,E12,3.325
plate_2,RFP_3_plate_1,F1,24.516
plate_2,RFP_3_plate_1,F2,23.123
plate_2,RFP_3_plate_1,F3,14.352
plate_2,RFP_3_plate_1,F4,14.271
plate_2,RFP_3_plate_1,F5,13.682
plate_2,RFP_3_plate_1,F6,11.287
plate_2,RFP_3_plate_1,F7,10.405
plate_2,RFP_3_plate_1,F8,9.198
plate_2,RFP_3_plate_1,F9,3.877
plate_2,RFP_3_plate_1,F10,9.544
plate_2,RFP_3_plate_1,F11,3.565
plate_2,RFP_3_plate_1,F12,3.265
plate_2,RFP_3_plate_1,G1,23.835
plate_2,RFP_3_plate_1,G2,7.807
plate_2,RFP_3_plate_1,G3,17.79
plate_2,RFP_3_plate_1,G4,15.141
plate_2,RFP_3_plate_1,G5,15.054
plate_2,RFP_3_plate_1,G6,14.81
plate_2,RFP_3_plate_1,G7,11.747
plate_2,RFP_3_plate_1,G8,9.519
plate_2,RFP_3_plate_1,G9,3.46
plate_2,RFP_3_plate_1,G10,3.179
plate_2,RFP_3_plate_1,G11,2.895
plate_2,RFP_3_plate_1,G12,2.131
plate_2,RFP_3_plate_1,H1,27.983
plate_2,RFP_3_plate_1,H2,11.402
plate_2,RFP_3_plate_1,H3,9.518
plate_2,RFP_3_plate_1,H4,14.736
plate_2,RFP_3_plate_1,H5,20.139
plate_2,RFP_3_plate_1,H6,20.969
plate_2,RFP_3_plate_1,H7,20.521
plate_2,RFP_3_plate_1,H8,5.179
plate_2,RFP_3_plate_1,H9,5.257
plate_2,RFP_3_plate_1,H10,4.937
plate_2,RFP_3_plate_1,H11,5.061
plate_2,RFP_3_plate_1,H12,4.497
plate_3,RFP_1_plate_1_shaking,A1,30.731
plate_3,RFP_1_plate_1_shaking,A2,17.946
plate_3,RFP_1_plate_1_shaking,A3,455.882
plate_3,RFP_1_plate_1_shaking,A4,95.484
plate_3,RFP_1_plate_1_shaking,A5,723.326
plate_3,RFP_1_plate_1_shaking,A6,710.278
plate_3,RFP_1_plate_1_shaking,A7,589.153
plate_3,RFP_1_plate_1_shaking,A8,438.318
plate_3,RFP_1_plate_1_shaking,A9,3.51
plate_3,RFP_1_plate_1_shaking,A10,3.889
plate_3,RFP_1_plate_1_shaking,A11,3.435
plate_3,RFP_1_plate_1_shaking,A12,3.949
plate_3,RFP_1_plate_1_shaking,B1,31.577
plate_3,RFP_1_plate_1_shaking,B2,15.791
plate_3,RFP_1_plate_1_shaking,B3,344.181
plate_3,RFP_1_plate_1_shaking,B4,645.707
plate_3,RFP_1_plate_1_shaking,B5,659.22
plate_3,RFP_1_plate_1_shaking,B6,609.989
plate_3,RFP_1_plate_1_shaking,B7,550.889
plate_3,RFP_1_plate_1_shaking,B8,3.987
plate_3,RFP_1_plate_1_shaking,B9,4.657
plate_3,RFP_1_plate_1_shaking,B10,3.928
plate_3,RFP_1_plate_1_shaking,B11,3.034
plate_3,RFP_1_plate_1_shaking,B12,4.466
plate_3,RFP_1_plate_1_shaking,C1,32.668
plate_3,RFP_1_plate_1_shaking,C2,14.326
plate_3,RFP_1_plate_1_shaking,C3,341.61
plate_3,RFP_1_plate_1_shaking,C4,330.182
plate_3,RFP_1_plate_1_shaking,C5,6.429
plate_3,RFP_1_plate_1_shaking,C6,619.234
plate_3,RFP_1_plate_1_shaking,C7,566.758
plate_3,RFP_1_plate_1_shaking,C8,4.032
plate_3,RFP_1_plate_1_shaking,C9,3.786
plate_3,RFP_1_plate_1_shaking,C10,3.83
plate_3,RFP_1_plate_1_shaking,C11,3.444
plate_3,RFP_1_plate_1_shaking,C12,4.009
plate_3,RFP_1_plate_1_shaking,D1,30.411
plate_3,RFP_1_plate_1_shaking,D2,14.158
plate_3,RFP_1_plate_1_shaking,D3,469.088
plate_3,RFP_1_plate_1_shaking,D4,172.275
plate_3,RFP_1_plate_1_shaking,D5,707.629
plate_3,RFP_1_plate_1_shaking,D6,671.296
plate_3,RFP_1_plate_1_shaking,D7,578.231
plate_3,RFP_1_plate_1_shaking,D8,479.924
plate_3,RFP_1_plate_1_shaking,D9,4.13
plate_3,RFP_1_plate_1_shaking,D10,3.539
plate_3,RFP_1_plate_1_shaking,D11,3.642
plate_3,RFP_1_plate_1_shaking,D12,3.685
plate_3,RFP_1_plate_1_shaking,E1,31.595
plate_3,RFP_1_plate_1_shaking,E2,14.33
plate_3,RFP_1_plate_1_shaking,E3,499.213
plate_3,RFP_1_plate_1_shaking,E4,580.556
plate_3,RFP_1_plate_1_shaking,E5,645.975
plate_3,RFP_1_plate_1_shaking,E6,584.489
plate_3,RFP_1_plate_1_shaking,E7,479.636
plate_3,RFP_1_plate_1_shaking,E8,3.918
plate_3,RFP_1_plate_1_shaking,E9,4.489
plate_3,RFP_1_plate_1_shaking,E10,3.962
plate_3,RFP_1_plate_1_shaking,E11,4.204
plate_3,RFP_1_plate_1_shaking,E12,4.169
plate_3,RFP_1_plate_1_shaking,F1,32.206
plate_3,RFP_1_plate_1_shaking,F2,13.835
plate_3,RFP_1_plate_1_shaking,F3,399.741
plate_3,RFP_1_plate_1_shaking,F4,599.977
plate_3,RFP_1_plate_1_shaking,F5,620.921
plate_3,RFP_1_plate_1_shaking,F6,619.279
plate_3,RFP_1_plate_1_shaking,F7,482.488
plate_3,RFP_1_plate_1_shaking,F8,380.272
plate_3,RFP_1_plate_1_shaking,F9,3.624
plate_3,RFP_1_plate_1_shaking,F10,3.662
plate_3,RFP_1_plate_1_shaking,F11,3.956
plate_3,RFP_1_plate_1_shaking,F12,3.55
plate_3,RFP_1_plate_1_shaking,G1,30.276
plate_3,RFP_1_plate_1_shaking,G2,15.835
plate_3,RFP_1_plate_1_shaking,G3,7.797
plate_3,RFP_1_plate_1_shaking,G4,628.614
plate_3,RFP_1_plate_1_shaking,G5,625.079
plate_3,RFP_1_plate_1_shaking,G6,618.613
plate_3,RFP_1_plate_1_shaking,G7,517.805
plate_3,RFP_1_plate_1_shaking,G8,3.878
plate_3,RFP_1_plate_1_shaking,G9,3.735
plate_3,RFP_1_plate_1_shaking,G10,4.255
plate_3,RFP_1_plate_1_shaking,G11,3.89
plate_3,RFP_1_plate_1_shaking,G12,4.266
plate_3,RFP_1_plate_1_shaking,H1,30.048
plate_3,RFP_1_plate_1_shaking,H2,20.28
plate_3,RFP_1_plate_1_shaking,H3,396.572
plate_3,RFP_1_plate_1_shaking,H4,327.656
plate_3,RFP_1_plate_1_shaking,H5,664.395
plate_3,RFP_1_plate_1_shaking,H6,617.465
plate_3,RFP_1_plate_1_shaking,H7,501.418
plate_3,RFP_1_plate_1_shaking,H8,443.293
plate_3,RFP_1_plate_1_shaking,H9,386.115
plate_3,RFP_1_plate_1_shaking,H10,3.755
plate_3,RFP_1_plate_1_shaking,H11,4.01
plate_3,RFP_1_plate_1_shaking,H12,4.374
plate_4,RFP_2_plate_1,A1,27.042
plate_4,RFP_2_plate_1,A2,11.964
plate_4,RFP_2_plate_1,A3,48.81
plate_4,RFP_2_plate_1,A4,143.625
plate_4,RFP_2_plate_1,A5,519.614
plate_4,RFP_2_plate_1,A6,495.021
plate_4,RFP_2_plate_1,A7,334.53
plate_4,RFP_2_plate_1,A8,299.73
plate_4,RFP_2_plate_1,A9,2.892
plate_4,RFP_2_plate_1,A10,1.853
plate_4,RFP_2_plate_1,A11,1.232
plate_4,RFP_2_plate_1,A12,1.938
plate_4,RFP_2_plate_1,B1,15.943
plate_4,RFP_2_plate_1,B2,55.951
plate_4,RFP_2_plate_1,B3,258.871
plate_4,RFP_2_plate_1,B4,113.593
plate_4,RFP_2_plate_1,B5,17.521
plate_4,RFP_2_plate_1,B6,505.409
plate_4,RFP_2_plate_1,B7,450.986
plate_4,RFP_2_plate_1,B8,324.055
plate_4,RFP_2_plate_1,B9,2.76
plate_4,RFP_2_plate_1,B10,2.821
plate_4,RFP_2_plate_1,B11,1.96
plate_4,RFP_2_plate_1,B12,1.963
plate_4,RFP_2_plate_1,C1,24.206
plate_4,RFP_2_plate_1,C2,38.349
plate_4,RFP_2_plate_1,C3,282.108
plate_4,RFP_2_plate_1,C4,123.986
plate_4,RFP_2_plate_1,C5,449.389
plate_4,RFP_2_plate_1,C6,465.959
plate_4,RFP_2_plate_1,C7,490.996
plate_4,RFP_2_plate_1,C8,274.251
plate_4,RFP_2_plate_1,C9,265.51
plate_4,RFP_2_plate_1,C10,3.041
plate_4,RFP_2_plate_1,C11,2.547
plate_4,RFP_2_plate_1,C12,1.311
plate_4,RFP_2_plate_1,D1,24.156
plate_4,RFP_2_plate_1,D2,26.949
plate_4,RFP_2_plate_1,D3,278.793
plate_4,RFP_2_plate_1,D4,114.314
plate_4,RFP_2_plate_1,D5,385.399
plate_4,RFP_2_plate_1,D6,459.608
plate_4,RFP_2_plate_1,D7,454.898
plate_4,RFP_2_plate_1,D8,367.595
plate_4,RFP_2_plate_1,D9,3.298
plate_4,RFP_2_plate_1,D10,3.128
plate_4,RFP_2_plate_1,D11,2.988
plate_4,RFP_2_plate_1,D12,1.287
plate_4,RFP_2_plate_1,E1,28.108
plate_4,RFP_2_plate_1,E2,20.039
plate_4,RFP_2_plate_1,E3,284.252
plate_4,RFP_2_plate_1,E4,198.454
plate_4,RFP_2_plate_1,E5,41.279
plate_4,RFP_2_plate_1,E6,5.994
plate_4,RFP_2_plate_1,E7,472.564
plate_4,RFP_2_plate_1,E8,317.499
plate_4,RFP_2_plate_1,E9,3.584
plate_4,RFP_2_plate_1,E10,256.607
plate_4,RFP_2_plate_1,E11,2.802
plate_4,RFP_2_plate_1,E12,1.788
plate_4,RFP_2_plate_1,F1,28.003
plate_4,RFP_2_plate_1,F2,28.568
plate_4,RFP_2_plate_1,F3,256.888
plate_4,RFP_2_plate_1,F4,99.08
plate_4,RFP_2_plate_1,F5,403.822
plate_4,RFP_2_plate_1,F6,5.907
plate_4,RFP_2_plate_1,F7,415.549
plate_4,RFP_2_plate_1,F8,386.128
plate_4,RFP_2_plate_1,F9,3.419
plate_4,RFP_2_plate_1,F10,3.126
plate_4,RFP_2_plate_1,F11,2.803
plate_4,RFP_2_plate_1,F12,1.387
plate_4,RFP_2_plate_1,G1,22.118
plate_4,RFP_2_plate_1,G2,29.141
plate_4,RFP_2_plate_1,G3,206.16
plate_4,RFP_2_plate_1,G4,145.62
plate_4,RFP_2_plate_1,G5,505.408
plate_4,RFP_2_plate_1,G6,503.465
plate_4,RFP_2_plate_1,G7,395.568
plate_4,RFP_2_plate_1,G8,261.697
plate_4,RFP_2_plate_1,G9,3.35
plate_4,RFP_2_plate_1,G10,3.211
plate_4,RFP_2_plate_1,G11,2.924
plate_4,RFP_2_plate_1,G12,1.459
plate_4,RFP_2_plate_1,H1,25.082
plate_4,RFP_2_plate_1,H2,24.319
plate_4,RFP_2_plate_1,H3,10.405
plate_4,RFP_2_plate_1,H4,25.777
plate_4,RFP_2_plate_1,H5,32.899
plate_4,RFP_2_plate_1,H6,316.189
plate_4,RFP_2_plate_1,H7,90.458
plate_4,RFP_2_plate_1,H8,32.661
plate_4,RFP_2_plate_1,H9,2.672
plate_4,RFP_2_plate_1,H10,2.322
plate_4,RFP_2_plate_1,H11,1.334
plate_4,RFP_2_plate_1,H12,1.529
plate_5,RFP_3_plate_1,A1,16.678
plate_5,RFP_3_plate_1,A2,14.412
plate_5,RFP_3_plate_1,A3,9.63
plate_5,RFP_3_plate_1,A4,7.732
plate_5,RFP_3_plate_1,A5,6.797
plate_5,RFP_3_plate_1,A6,5.358
plate_5,RFP_3_plate_1,A7,5.314
plate_5,RFP_3_plate_1,A8,3.688
plate_5,RFP_3_plate_1,A9,3.806
plate_5,RFP_3_plate_1,A10,3.575
plate_5,RFP_3_plate_1,A11,3.355
plate_5,RFP_3_plate_1,A12,3.994
plate_5,RFP_3_plate_1,B1,18.945
plate_5,RFP_3_plate_1,B2,10.56
plate_5,RFP_3_plate_1,B3,19.639
plate_5,RFP_3_plate_1,B4,5.902
plate_5,RFP_3_plate_1,B5,5.784
plate_5,RFP_3_plate_1,B6,5.119
plate_5,RFP_3_plate_1,B7,255.982
plate_5,RFP_3_plate_1,B8,360.794
plate_5,RFP_3_plate_1,B9,4.323
plate_5,RFP_3_plate_1,B10,3.896
plate_5,RFP_3_plate_1,B11,3.867
plate_5,RFP_3_plate_1,B12,3.94
plate_5,RFP_3_plate_1,C1,21.87
plate_5,RFP_3_plate_1,C2,15.102
plate_5,RFP_3_plate_1,C3,18.109
plate_5,RFP_3_plate_1,C4,7.481
plate_5,RFP_3_plate_1,C5,5.289
plate_5,RFP_3_plate_1,C6,4.767
plate_5,RFP_3_plate_1,C7,4.881
plate_5,RFP_3_plate_1,C8,386.413
plate_5,RFP_3_plate_1,C9,3.761
plate_5,RFP_3_plate_1,C10,3.492
plate_5,RFP_3_plate_1,C11,3.639
plate_5,RFP_3_plate_1,C12,3.556
plate_5,RFP_3_plate_1,D1,21.319
plate_5,RFP_3_plate_1,D2,14.973
plate_5,RFP_3_plate_1,D3,16.529
plate_5,RFP_3_plate_1,D4,6.384
plate_5,RFP_3_plate_1,D5,6.183
plate_5,RFP_3_plate_1,D6,5.896
plate_5,RFP_3_plate_1,D7,337.358
plate_5,RFP_3_plate_1,D8,5.123
plate_5,RFP_3_plate_1,D9,373.683
plate_5,RFP_3_plate_1,D10,3.867
plate_5,RFP_3_plate_1,D11,3.426
plate_5,RFP_3_plate_1,D12,4.161
plate_5,RFP_3_plate_1,E1,20.508
plate_5,RFP_3_plate_1,E2,13.544
plate_5,RFP_3_plate_1,E3,14.842
plate_5,RFP_3_plate_1,E4,6.584
plate_5,RFP_3_plate_1,E5,5.153
plate_5,RFP_3_plate_1,E6,6.089
plate_5,RFP_3_plate_1,E7,282.395
plate_5,RFP_3_plate_1,E8,3.672
plate_5,RFP_3_plate_1,E9,3.419
plate_5,RFP_3_plate_1,E10,3.759
plate_5,RFP_3_plate_1,E11,4.081
plate_5,RFP_3_plate_1,E12,3.765
plate_5,RFP_3_plate_1,F1,26.198
plate_5,RFP_3_plate_1,F2,18.297
plate_5,RFP_3_plate_1,F3,19.297
plate_5,RFP_3_plate_1,F4,8.547
plate_5,RFP_3_plate_1,F5,5.994
plate_5,RFP_3_plate_1,F6,5.969
plate_5,RFP_3_plate_1,F7,354.24
plate_5,RFP_3_plate_1,F8,352.445
plate_5,RFP_3_plate_1,F9,3.827
plate_5,RFP_3_plate_1,F10,4.162
plate_5,RFP_3_plate_1,F11,3.861
plate_5,RFP_3_plate_1,F12,4.701
plate_5,RFP_3_plate_1,G1,26.653
plate_5,RFP_3_plate_1,G2,18.697
plate_5,RFP_3_plate_1,G3,18.739
plate_5,RFP_3_plate_1,G4,6.248
plate_5,RFP_3_plate_1,G5,6.193
plate_5,RFP_3_plate_1,G6,5.605
plate_5,RFP_3_plate_1,G7,320.775
plate_5,RFP_3_plate_1,G8,371.85
plate_5,RFP_3_plate_1,G9,4.002
plate_5,RFP_3_plate_1,G10,3.444
plate_5,RFP_3_plate_1,G11,3.932
plate_5,RFP_3_plate_1,G12,4.608
plate_5,RFP_3_plate_1,H1,26.616
plate_5,RFP_3_plate_1,H2,22.683
plate_5,RFP_3_plate_1,H3,12.678
plate_5,RFP_3_plate_1,H4,10.156
plate_5,RFP_3_plate_1,H5,6.058
plate_5,RFP_3_plate_1,H6,5.441
plate_5,RFP_3_plate_1,H7,209.603
plate_5,RFP_3_plate_1,H8,233.677
plate_5,RFP_3_plate_1,H9,3.638
plate_5,RFP_3_plate_1,H10,3.15
plate_5,RFP_3_plate_1,H11,3.236
plate_5,RFP_3_plate_1,H12,3.97
plate_6,RFP_1_plate_1_shaking,A1,40.963
plate_6,RFP_1_plate_1_shaking,A2,67.005
plate_6,RFP_1_plate_1_shaking,A3,22.915
plate_6,RFP_1_plate_1_shaking,A4,34.016
plate_6,RFP_1_plate_1_shaking,A5,26.861
plate_6,RFP_1_plate_1_shaking,A6,10.719
plate_6,RFP_1_plate_1_shaking,A7,327.93
plate_6,RFP_1_plate_1_shaking,A8,326.905
plate_6,RFP_1_plate_1_shaking,A9,2.932
plate_6,RFP_1_plate_1_shaking,A10,3.503
plate_6,RFP_1_plate_1_shaking,A11,3.363
plate_6,RFP_1_plate_1_shaking,A12,4.206
plate_6,RFP_1_plate_1_shaking,B1,36.981
plate_6,RFP_1_plate_1_shaking,B2,54.789
plate_6,RFP_1_plate_1_shaking,B3,28.859
plate_6,RFP_1_plate_1_shaking,B4,42.951
plate_6,RFP_1_plate_1_shaking,B5,23.331
plate_6,RFP_1_plate_1_shaking,B6,497.917
plate_6,RFP_1_plate_1_shaking,B7,400.364
plate_6,RFP_1_plate_1_shaking,B8,3.216
plate_6,RFP_1_plate_1_shaking,B9,3.385
plate_6,RFP_1_plate_1_shaking,B10,3.357
plate_6,RFP_1_plate_1_shaking,B11,3.105
plate_6,RFP_1_plate_1_shaking,B12,3.386
plate_6,RFP_1_plate_1_shaking,C1,47.66
plate_6,RFP_1_plate_1_shaking,C2,51.645
plate_6,RFP_1_plate_1_shaking,C3,32.811
plate_6,RFP_1_plate_1_shaking,C4,48.669
plate_6,RFP_1_plate_1_shaking,C5,31.71
plate_6,RFP_1_plate_1_shaking,C6,452.816
plate_6,RFP_1_plate_1_shaking,C7,375.422
plate_6,RFP_1_plate_1_shaking,C8,337.432
plate_6,RFP_1_plate_1_shaking,C9,3.632
plate_6,RFP_1_plate_1_shaking,C10,3.562
plate_6,RFP_1_plate_1_shaking,C11,4.077
plate_6,RFP_1_plate_1_shaking,C12,3.697
plate_6,RFP_1_plate_1_shaking,D1,39.408
plate_6,RFP_1_plate_1_shaking,D2,49.681
plate_6,RFP_1_plate_1_shaking,D3,33.263
plate_6,RFP_1_plate_1_shaking,D4,45.516
plate_6,RFP_1_plate_1_shaking,D5,19.43
plate_6,RFP_1_plate_1_shaking,D6,389.828
plate_6,RFP_1_plate_1_shaking,D7,409.359
plate_6,RFP_1_plate_1_shaking,D8,3.626
plate_6,RFP_1_plate_1_shaking,D9,3.406
plate_6,RFP_1_plate_1_shaking,D10,3.187
plate_6,RFP_1_plate_1_shaking,D11,3.399
plate_6,RFP_1_plate_1_shaking,D12,3.586
plate_6,RFP_1_plate_1_shaking,E1,41.696
plate_6,RFP_1_plate_1_shaking,E2,51.686
plate_6,RFP_1_plate_1_shaking,E3,42.851
plate_6,RFP_1_plate_1_shaking,E4,43.475
plate_6,RFP_1_plate_1_shaking,E5,11.338
plate_6,RFP_1_plate_1_shaking,E6,6.378
plate_6,RFP_1_plate_1_shaking,E7,402.201
plate_6,RFP_1_plate_1_shaking,E8,233.235
plate_6,RFP_1_plate_1_shaking,E9,243.609
plate_6,RFP_1_plate_1_shaking,E10,3.434
plate_6,RFP_1_plate_1_shaking,E11,3.342
plate_6,RFP_1_plate_1_shaking,E12,3.798
plate_6,RFP_1_plate_1_shaking,F1,36.362
plate_6,RFP_1_plate_1_shaking,F2,72.962
plate_6,RFP_1_plate_1_shaking,F3,21.224
plate_6,RFP_1_plate_1_shaking,F4,41.549
plate_6,RFP_1_plate_1_shaking,F5,24.209
plate_6,RFP_1_plate_1_shaking,F6,7.46
plate_6,RFP_1_plate_1_shaking,F7,326.681
plate_6,RFP_1_plate_1_shaking,F8,3.444
plate_6,RFP_1_plate_1_shaking,F9,3.801
plate_6,RFP_1_plate_1_shaking,F10,3.48
plate_6,RFP_1_plate_1_shaking,F11,3.524
plate_6,RFP_1_plate_1_shaking,F12,3.501
plate_6,RFP_1_plate_1_shaking,G1,27.465
plate_6,RFP_1_plate_1_shaking,G2,79.346
plate_6,RFP_1_plate_1_shaking,G3,19.824
plate_6,RFP_1_plate_1_shaking,G4,35.367
plate_6,RFP_1_plate_1_shaking,G5,16.504
plate_6,RFP_1_plate_1_shaking,G6,20.434
plate_6,RFP_1_plate_1_shaking,G7,330.821
plate_6,RFP_1_plate_1_shaking,G8,308.691
plate_6,RFP_1_plate_1_shaking,G9,3.447
plate_6,RFP_1_plate_1_shaking,G10,3.532
plate_6,RFP_1_plate_1_shaking,G11,3.451
plate_6,RFP_1_plate_1_shaking,G12,3.796
plate_6,RFP_1_plate_1_shaking,H1,25.084
plate_6,RFP_1_plate_1_shaking,H2,77.874
plate_6,RFP_1_plate_1_shaking,H3,24.758
plate_6,RFP_1_plate_1_shaking,H4,37.299
plate_6,RFP_1_plate_1_shaking,H5,16.994
plate_6,RFP_1_plate_1_shaking,H6,9.493
plate_6,RFP_1_plate_1_shaking,H7,351.424
plate_6,RFP_1_plate_1_shaking,H8,211.683
plate_6,RFP_1_plate_1_shaking,H9,3.954
plate_6,RFP_1_plate_1_shaking,H10,3.334
plate_6,RFP_1_plate_1_shaking,H11,3.767
plate_6,RFP_1_plate_1_shaking,H12,4.021
plate_7,RFP_2_plate_1,A1,33.477
plate_7,RFP_2_plate_1,A2,66.589
plate_7,RFP_2_plate_1,A3,351.688
plate_7,RFP_2_plate_1,A4,131.388
plate_7,RFP_2_plate_1,A5,491.477
plate_7,RFP_2_plate_1,A6,246.677
plate_7,RFP_2_plate_1,A7,282.88
plate_7,RFP_2_plate_1,A8,113.347
plate_7,RFP_2_plate_1,A9,3.021
plate_7,RFP_2_plate_1,A10,3.248
plate_7,RFP_2_plate_1,A11,2.876
plate_7,RFP_2_plate_1,A12,4.259
plate_7,RFP_2_plate_1,B1,38.641
plate_7,RFP_2_plate_1,B2,58.767
plate_7,RFP_2_plate_1,B3,355.841
plate_7,RFP_2_plate_1,B4,169.985
plate_7,RFP_2_plate_1,B5,45.97
plate_7,RFP_2_plate_1,B6,333.645
plate_7,RFP_2_plate_1,B7,446.627
plate_7,RFP_2_plate_1,B8,358.715
plate_7,RFP_2_plate_1,B9,381.916
plate_7,RFP_2_plate_1,B10,3.333
plate_7,RFP_2_plate_1,B11,3.456
plate_7,RFP_2_plate_1,B12,3.535
plate_7,RFP_2_plate_1,C1,39.929
plate_7,RFP_2_plate_1,C2,62.402
plate_7,RFP_2_plate_1,C3,228.309
plate_7,RFP_2_plate_1,C4,124.233
plate_7,RFP_2_plate_1,C5,457.173
plate_7,RFP_2_plate_1,C6,495.353
plate_7,RFP_2_plate_1,C7,437.149
plate_7,RFP_2_plate_1,C8,417.48
plate_7,RFP_2_plate_1,C9,406.518
plate_7,RFP_2_plate_1,C10,4.305
plate_7,RFP_2_plate_1,C11,3.62
plate_7,RFP_2_plate_1,C12,4.166
plate_7,RFP_2_plate_1,D1,43.357
plate_7,RFP_2_plate_1,D2,68.488
plate_7,RFP_2_plate_1,D3,14.246
plate_7,RFP_2_plate_1,D4,169.888
plate_7,RFP_2_plate_1,D5,435.644
plate_7,RFP_2_plate_1,D6,519.618
plate_7,RFP_2_plate_1,D7,453.659
plate_7,RFP_2_plate_1,D8,416.239
plate_7,RFP_2_plate_1,D9,3.506
plate_7,RFP_2_plate_1,D10,3.569
plate_7,RFP_2_plate_1,D11,3.482
plate_7,RFP_2_plate_1,D12,4.125
plate_7,RFP_2_plate_1,E1,41.207
plate_7,RFP_2_plate_1,E2,59.559
plate_7,RFP_2_plate_1,E3,157.873
plate_7,RFP_2_plate_1,E4,248.663
plate_7,RFP_2_plate_1,E5,458.369
plate_7,RFP_2_plate_1,E6,498.652
plate_7,RFP_2_plate_1,E7,493.233
plate_7,RFP_2_plate_1,E8,358.236
plate_7,RFP_2_plate_1,E9,310.105
plate_7,RFP_2_plate_1,E10,3.289
plate_7,RFP_2_plate_1,E11,3.301
plate_7,RFP_2_plate_1,E12,3.783
plate_7,RFP_2_plate_1,F1,43.061
plate_7,RFP_2_plate_1,F2,67.713
plate_7,RFP_2_plate_1,F3,44.792
plate_7,RFP_2_plate_1,F4,261.421
plate_7,RFP_2_plate_1,F5,452.932
plate_7,RFP_2_plate_1,F6,503.569
plate_7,RFP_2_plate_1,F7,475.252
plate_7,RFP_2_plate_1,F8,3.437
plate_7,RFP_2_plate_1,F9,3.351
plate_7,RFP_2_plate_1,F10,3.661
plate_7,RFP_2_plate_1,F11,3.508
plate_7,RFP_2_plate_1,F12,3.508
plate_7,RFP_2_plate_1,G1,40.711
plate_7,RFP_2_plate_1,G2,56.283
plate_7,RFP_2_plate_1,G3,492.686
plate_7,RFP_2_plate_1,G4,287.793
plate_7,RFP_2_plate_1,G5,458.166
plate_7,RFP_2_plate_1,G6,527.123
plate_7,RFP_2_plate_1,G7,489.299
plate_7,RFP_2_plate_1,G8,374.47
plate_7,RFP_2_plate_1,G9,3.643
plate_7,RFP_2_plate_1,G10,3.604
plate_7,RFP_2_plate_1,G11,3.351
plate_7,RFP_2_plate_1,G12,3.364
plate_7,RFP_2_plate_1,H1,35.641
plate_7,RFP_2_plate_1,H2,78.684
plate_7,RFP_2_plate_1,H3,16.224
plate_7,RFP_2_plate_1,H4,229.334
plate_7,RFP_2_plate_1,H5,455.202
plate_7,RFP_2_plate_1,H6,494.919
plate_7,RFP_2_plate_1,H7,294.089
plate_7,RFP_2_plate_1,H8,459.384
plate_7,RFP_2_plate_1,H9,3.237
plate_7,RFP_2_plate_1,H10,3.093
plate_7,RFP_2_plate_1,H11,3.272
plate_7,RFP_2_plate_1,H12,4.019
plate_8,RFP_3_plate_1,A1,32.444
plate_8,RFP_3_plate_1,A2,69.298
plate_8,RFP_3_plate_1,A3,534.685
plate_8,RFP_3_plate_1,A4,543.568
plate_8,RFP_3_plate_1,A5,614.089
plate_8,RFP_3_plate_1,A6,690.606
plate_8,RFP_3_plate_1,A7,396.911
plate_8,RFP_3_plate_1,A8,3.345
plate_8,RFP_3_plate_1,A9,3.79
plate_8,RFP_3_plate_1,A10,3.664
plate_8,RFP_3_plate_1,A11,4.331
plate_8,RFP_3_plate_1,A12,4.764
plate_8,RFP_3_plate_1,B1,35.227
plate_8,RFP_3_plate_1,B2,57.882
plate_8,RFP_3_plate_1,B3,517.709
plate_8,RFP_3_plate_1,B4,521.791
plate_8,RFP_3_plate_1,B5,326.207
plate_8,RFP_3_plate_1,B6,653.778
plate_8,RFP_3_plate_1,B7,379.27
plate_8,RFP_3_plate_1,B8,419.87
plate_8,RFP_3_plate_1,B9,3.211
plate_8,RFP_3_plate_1,B10,3.708
plate_8,RFP_3_plate_1,B11,3.995
plate_8,RFP_3_plate_1,B12,4.016
plate_8,RFP_3_plate_1,C1,32.602
plate_8,RFP_3_plate_1,C2,55.053
plate_8,RFP_3_plate_1,C3,470.852
plate_8,RFP_3_plate_1,C4,514.369
plate_8,RFP_3_plate_1,C5,600.09
plate_8,RFP_3_plate_1,C6,674.342
plate_8,RFP_3_plate_1,C7,440.784
plate_8,RFP_3_plate_1,C8,371.83
plate_8,RFP_3_plate_1,C9,3.592
plate_8,RFP_3_plate_1,C10,3.902
plate_8,RFP_3_plate_1,C11,4.115
plate_8,RFP_3_plate_1,C12,4.173
plate_8,RFP_3_plate_1,D1,30.292
plate_8,RFP_3_plate_1,D2,68.889
plate_8,RFP_3_plate_1,D3,520.672
plate_8,RFP_3_plate_1,D4,485.146
plate_8,RFP_3_plate_1,D5,535.567
plate_8,RFP_3_plate_1,D6,460.731
plate_8,RFP_3_plate_1,D7,371.668
plate_8,RFP_3_plate_1,D8,334.969
plate_8,RFP_3_plate_1,D9,3.987
plate_8,RFP_3_plate_1,D10,3.483
plate_8,RFP_3_plate_1,D11,4.123
plate_8,RFP_3_plate_1,D12,4.613
plate_8,RFP_3_plate_1,E1,31.287
plate_8,RFP_3_plate_1,E2,59.707
plate_8,RFP_3_plate_1,E3,536.003
plate_8,RFP_3_plate_1,E4,461.308
plate_8,RFP_3_plate_1,E5,549.345
plate_8,RFP_3_plate_1,E6,601.129
plate_8,RFP_3_plate_1,E7,420.566
plate_8,RFP_3_plate_1,E8,3.545
plate_8,RFP_3_plate_1,E9,3.385
plate_8,RFP_3_plate_1,E10,3.355
plate_8,RFP_3_plate_1,E11,3.704
plate_8,RFP_3_plate_1,E12,4.765
plate_8,RFP_3_plate_1,F1,26.396
plate_8,RFP_3_plate_1,F2,74.12
plate_8,RFP_3_plate_1,F3,46
plate_8,RFP_3_plate_1,F4,486.362
plate_8,RFP_3_plate_1,F5,496.13
plate_8,RFP_3_plate_1,F6,597.458
plate_8,RFP_3_plate_1,F7,516.871
plate_8,RFP_3_plate_1,F8,391.694
plate_8,RFP_3_plate_1,F9,385.584
plate_8,RFP_3_plate_1,F10,3.628
plate_8,RFP_3_plate_1,F11,3.813
plate_8,RFP_3_plate_1,F12,4.361
plate_8,RFP_3_plate_1,G1,29.728
plate_8,RFP_3_plate_1,G2,78.122
plate_8,RFP_3_plate_1,G3,408.755
plate_8,RFP_3_plate_1,G4,381.95
plate_8,RFP_3_plate_1,G5,407.558
plate_8,RFP_3_plate_1,G6,518.044
plate_8,RFP_3_plate_1,G7,365.779
plate_8,RFP_3_plate_1,G8,3.497
plate_8,RFP_3_plate_1,G9,418.463
plate_8,RFP_3_plate_1,G10,3.406
plate_8,RFP_3_plate_1,G11,4.145
plate_8,RFP_3_plate_1,G12,4.074
plate_8,RFP_3_plate_1,H1,26.001
plate_8,RFP_3_plate_1,H2,80.769
plate_8,RFP_3_plate_1,H3,578.034
plate_8,RFP_3_plate_1,H4,493.836
plate_8,RFP_3_plate_1,H5,420.921
plate_8,RFP_3_plate_1,H6,468.878
plate_8,RFP_3_plate_1,H7,2.572
plate_8,RFP_3_plate_1,H8,2.956
plate_8,RFP_3_plate_1,H9,3.306
plate_8,RFP_3_plate_1,H10,3.236
plate_8,RFP_3_plate_1,H11,3.616
plate_8,RFP_3_plate_1,H12,3.986
plate_9,RFP_1_plate_1_shaking,A1,28.266
plate_9,RFP_1_plate_1_shaking,A2,570.35
plate_9,RFP_1_plate_1_shaking,A3,233.962
plate_9,RFP_1_plate_1_shaking,A4,220.321
plate_9,RFP_1_plate_1_shaking,A5,149.208
plate_9,RFP_1_plate_1_shaking,A6,492.301
plate_9,RFP_1_plate_1_shaking,A7,591.509
plate_9,RFP_1_plate_1_shaking,A8,465.256
plate_9,RFP_1_plate_1_shaking,A9,313.001
plate_9,RFP_1_plate_1_shaking,A10,3.535
plate_9,RFP_1_plate_1_shaking,A11,3.45
plate_9,RFP_1_plate_1_shaking,A12,298.815
plate_9,RFP_1_plate_1_shaking,B1,26.711
plate_9,RFP_1_plate_1_shaking,B2,512.546
plate_9,RFP_1_plate_1_shaking,B3,240.203
plate_9,RFP_1_plate_1_shaking,B4,261.938
plate_9,RFP_1_plate_1_shaking,B5,402.805
plate_9,RFP_1_plate_1_shaking,B6,538.203
plate_9,RFP_1_plate_1_shaking,B7,517.083
plate_9,RFP_1_plate_1_shaking,B8,5.473
plate_9,RFP_1_plate_1_shaking,B9,3.396
plate_9,RFP_1_plate_1_shaking,B10,3.621
plate_9,RFP_1_plate_1_shaking,B11,3.767
plate_9,RFP_1_plate_1_shaking,B12,3.959
plate_9,RFP_1_plate_1_shaking,C1,29.737
plate_9,RFP_1_plate_1_shaking,C2,518.036
plate_9,RFP_1_plate_1_shaking,C3,221.855
plate_9,RFP_1_plate_1_shaking,C4,198.927
plate_9,RFP_1_plate_1_shaking,C5,250.485
plate_9,RFP_1_plate_1_shaking,C6,6.457
plate_9,RFP_1_plate_1_shaking,C7,9.084
plate_9,RFP_1_plate_1_shaking,C8,440.983
plate_9,RFP_1_plate_1_shaking,C9,318.118
plate_9,RFP_1_plate_1_shaking,C10,385.707
plate_9,RFP_1_plate_1_shaking,C11,3.332
plate_9,RFP_1_plate_1_shaking,C12,3.945
plate_9,RFP_1_plate_1_shaking,D1,29.787
plate_9,RFP_1_plate_1_shaking,D2,519.161
plate_9,RFP_1_plate_1_shaking,D3,238.853
plate_9,RFP_1_plate_1_shaking,D4,241.671
plate_9,RFP_1_plate_1_shaking,D5,194.904
plate_9,RFP_1_plate_1_shaking,D6,533.043
plate_9,RFP_1_plate_1_shaking,D7,523.288
plate_9,RFP_1_plate_1_shaking,D8,430.186
plate_9,RFP_1_plate_1_shaking,D9,289.375
plate_9,RFP_1_plate_1_shaking,D10,194.383
plate_9,RFP_1_plate_1_shaking,D11,3.451
plate_9,RFP_1_plate_1_shaking,D12,4.047
plate_9,RFP_1_plate_1_shaking,E1,29.006
plate_9,RFP_1_plate_1_shaking,E2,551.507
plate_9,RFP_1_plate_1_shaking,E3,240.447
plate_9,RFP_1_plate_1_shaking,E4,234.002
plate_9,RFP_1_plate_1_shaking,E5,315.025
plate_9,RFP_1_plate_1_shaking,E6,91.648
plate_9,RFP_1_plate_1_shaking,E7,521.642
plate_9,RFP_1_plate_1_shaking,E8,418.308
plate_9,RFP_1_plate_1_shaking,E9,3.561
plate_9,RFP_1_plate_1_shaking,E10,3.682
plate_9,RFP_1_plate_1_shaking,E11,3.393
plate_9,RFP_1_plate_1_shaking,E12,3.381
plate_9,RFP_1_plate_1_shaking,F1,21.456
plate_9,RFP_1_plate_1_shaking,F2,438.914
plate_9,RFP_1_plate_1_shaking,F3,203.447
plate_9,RFP_1_plate_1_shaking,F4,194.67
plate_9,RFP_1_plate_1_shaking,F5,39.29
plate_9,RFP_1_plate_1_shaking,F6,6.123
plate_9,RFP_1_plate_1_shaking,F7,506.862
plate_9,RFP_1_plate_1_shaking,F8,415.823
plate_9,RFP_1_plate_1_shaking,F9,356.994
plate_9,RFP_1_plate_1_shaking,F10,4.243
plate_9,RFP_1_plate_1_shaking,F11,3.686
plate_9,RFP_1_plate_1_shaking,F12,3.749
plate_9,RFP_1_plate_1_shaking,G1,21.018
plate_9,RFP_1_plate_1_shaking,G2,580.263
plate_9,RFP_1_plate_1_shaking,G3,164.49
plate_9,RFP_1_plate_1_shaking,G4,237.315
plate_9,RFP_1_plate_1_shaking,G5,196.185
plate_9,RFP_1_plate_1_shaking,G6,549.916
plate_9,RFP_1_plate_1_shaking,G7,533.982
plate_9,RFP_1_plate_1_shaking,G8,432.318
plate_9,RFP_1_plate_1_shaking,G9,322.222
plate_9,RFP_1_plate_1_shaking,G10,3.833
plate_9,RFP_1_plate_1_shaking,G11,3.433
plate_9,RFP_1_plate_1_shaking,G12,3.887
plate_9,RFP_1_plate_1_shaking,H1,23.663
plate_9,RFP_1_plate_1_shaking,H2,701.222
plate_9,RFP_1_plate_1_shaking,H3,190.836
plate_9,RFP_1_plate_1_shaking,H4,233.982
plate_9,RFP_1_plate_1_shaking,H5,187.981
plate_9,RFP_1_plate_1_shaking,H6,127.371
plate_9,RFP_1_plate_1_shaking,H7,547.864
plate_9,RFP_1_plate_1_shaking,H8,430.768
plate_9,RFP_1_plate_1_shaking,H9,303.063
plate_9,RFP_1_plate_1_shaking,H10,3.245
plate_9,RFP_1_plate_1_shaking,H11,3.314
plate_9,RFP_1_plate_1_shaking,H12,3.205
plate_10,RFP_2_plate_1,A1,27.276
plate_10,RFP_2_plate_1,A2,98.361
plate_10,RFP_2_plate_1,A3,66.367
plate_10,RFP_2_plate_1,A4,97.271
plate_10,RFP_2_plate_1,A5,61.268
plate_10,RFP_2_plate_1,A6,35.375
plate_10,RFP_2_plate_1,A7,364.143
plate_10,RFP_2_plate_1,A8,144.876
plate_10,RFP_2_plate_1,A9,3.406
plate_10,RFP_2_plate_1,A10,3.478
plate_10,RFP_2_plate_1,A11,3.398
plate_10,RFP_2_plate_1,A12,4.256
plate_10,RFP_2_plate_1,B1,24.699
plate_10,RFP_2_plate_1,B2,350.132
plate_10,RFP_2_plate_1,B3,129.345
plate_10,RFP_2_plate_1,B4,85.937
plate_10,RFP_2_plate_1,B5,22.584
plate_10,RFP_2_plate_1,B6,448.213
plate_10,RFP_2_plate_1,B7,507.757
plate_10,RFP_2_plate_1,B8,427.706
plate_10,RFP_2_plate_1,B9,239.888
plate_10,RFP_2_plate_1,B10,3.767
plate_10,RFP_2_plate_1,B11,3.89
plate_10,RFP_2_plate_1,B12,3.791
plate_10,RFP_2_plate_1,C1,19.814
plate_10,RFP_2_plate_1,C2,233.366
plate_10,RFP_2_plate_1,C3,126.673
plate_10,RFP_2_plate_1,C4,89.103
plate_10,RFP_2_plate_1,C5,82.55
plate_10,RFP_2_plate_1,C6,55.74
plate_10,RFP_2_plate_1,C7,480.442
plate_10,RFP_2_plate_1,C8,390.607
plate_10,RFP_2_plate_1,C9,372.727
plate_10,RFP_2_plate_1,C10,4.085
plate_10,RFP_2_plate_1,C11,3.967
plate_10,RFP_2_plate_1,C12,3.904
plate_10,RFP_2_plate_1,D1,18.097
plate_10,RFP_2_plate_1,D2,276.546
plate_10,RFP_2_plate_1,D3,124.029
plate_10,RFP_2_plate_1,D4,86.313
plate_10,RFP_2_plate_1,D5,81.71
plate_10,RFP_2_plate_1,D6,501.627
plate_10,RFP_2_plate_1,D7,14.766
plate_10,RFP_2_plate_1,D8,395.12
plate_10,RFP_2_plate_1,D9,3.764
plate_10,RFP_2_plate_1,D10,4.197
plate_10,RFP_2_plate_1,D11,3.719
plate_10,RFP_2_plate_1,D12,4.548
plate_10,RFP_2_plate_1,E1,20.584
plate_10,RFP_2_plate_1,E2,278.373
plate_10,RFP_2_plate_1,E3,128.421
plate_10,RFP_2_plate_1,E4,113.141
plate_10,RFP_2_plate_1,E5,56.448
plate_10,RFP_2_plate_1,E6,15.434
plate_10,RFP_2_plate_1,E7,512.612
plate_10,RFP_2_plate_1,E8,397.741
plate_10,RFP_2_plate_1,E9,364.011
plate_10,RFP_2_plate_1,E10,4.164
plate_10,RFP_2_plate_1,E11,4.046
plate_10,RFP_2_plate_1,E12,3.858
plate_10,RFP_2_plate_1,F1,25.494
plate_10,RFP_2_plate_1,F2,386.229
plate_10,RFP_2_plate_1,F3,135.428
plate_10,RFP_2_plate_1,F4,126.85
plate_10,RFP_2_plate_1,F5,58.082
plate_10,RFP_2_plate_1,F6,57.313
plate_10,RFP_2_plate_1,F7,540.385
plate_10,RFP_2_plate_1,F8,416.112
plate_10,RFP_2_plate_1,F9,334.47
plate_10,RFP_2_plate_1,F10,4.168
plate_10,RFP_2_plate_1,F11,3.45
plate_10,RFP_2_plate_1,F12,3.905
plate_10,RFP_2_plate_1,G1,29.086
plate_10,RFP_2_plate_1,G2,314.187
plate_10,RFP_2_plate_1,G3,127.642
plate_10,RFP_2_plate_1,G4,117.967
plate_10,RFP_2_plate_1,G5,69.065
plate_10,RFP_2_plate_1,G6,72.771
plate_10,RFP_2_plate_1,G7,58.057
plate_10,RFP_2_plate_1,G8,462.881
plate_10,RFP_2_plate_1,G9,434.887
plate_10,RFP_2_plate_1,G10,4.088
plate_10,RFP_2_plate_1,G11,3.999
plate_10,RFP_2_plate_1,G12,4.054
plate_10,RFP_2_plate_1,H1,27.624
plate_10,RFP_2_plate_1,H2,551.054
plate_10,RFP_2_plate_1,H3,153.916
plate_10,RFP_2_plate_1,H4,111.127
plate_10,RFP_2_plate_1,H5,58.744
plate_10,RFP_2_plate_1,H6,494.551
plate_10,RFP_2_plate_1,H7,16.411
plate_10,RFP_2_plate_1,H8,424.194
plate_10,RFP_2_plate_1,H9,315.349
plate_10,RFP_2_plate_1,H10,3.716
plate_10,RFP_2_plate_1,H11,3.78
plate_10,RFP_2_plate_1,H12,4.123
plate_11,RFP_3_plate_1,A1,25.395
plate_11,RFP_3_plate_1,A2,132.052
plate_11,RFP_3_plate_1,A3,77.374
plate_11,RFP_3_plate_1,A4,90.2
plate_11,RFP_3_plate_1,A5,106.963
plate_11,RFP_3_plate_1,A6,118.462
plate_11,RFP_3_plate_1,A7,457.842
plate_11,RFP_3_plate_1,A8,336.809
plate_11,RFP_3_plate_1,A9,159.613
plate_11,RFP_3_plate_1,A10,2.378
plate_11,RFP_3_plate_1,A11,1.658
plate_11,RFP_3_plate_1,A12,1.608
plate_11,RFP_3_plate_1,B1,24.074
plate_11,RFP_3_plate_1,B2,195.886
plate_11,RFP_3_plate_1,B3,238.577
plate_11,RFP_3_plate_1,B4,188.142
plate_11,RFP_3_plate_1,B5,168.024
plate_11,RFP_3_plate_1,B6,102.281
plate_11,RFP_3_plate_1,B7,463.369
plate_11,RFP_3_plate_1,B8,5.656
plate_11,RFP_3_plate_1,B9,398.31
plate_11,RFP_3_plate_1,B10,372.366
plate_11,RFP_3_plate_1,B11,2.634
plate_11,RFP_3_plate_1,B12,1.764
plate_11,RFP_3_plate_1,C1,21.009
plate_11,RFP_3_plate_1,C2,81.026
plate_11,RFP_3_plate_1,C3,151.085
plate_11,RFP_3_plate_1,C4,182.861
plate_11,RFP_3_plate_1,C5,177.208
plate_11,RFP_3_plate_1,C6,384.834
plate_11,RFP_3_plate_1,C7,431.255
plate_11,RFP_3_plate_1,C8,403.757
plate_11,RFP_3_plate_1,C9,320.265
plate_11,RFP_3_plate_1,C10,3.486
plate_11,RFP_3_plate_1,C11,3.413
plate_11,RFP_3_plate_1,C12,2.58
plate_11,RFP_3_plate_1,D1,20.868
plate_11,RFP_3_plate_1,D2,578.74
plate_11,RFP_3_plate_1,D3,183.637
plate_11,RFP_3_plate_1,D4,180.779
plate_11,RFP_3_plate_1,D5,206.682
plate_11,RFP_3_plate_1,D6,63.519
plate_11,RFP_3_plate_1,D7,436.931
plate_11,RFP_3_plate_1,D8,423.299
plate_11,RFP_3_plate_1,D9,251.877
plate_11,RFP_3_plate_1,D10,3.402
plate_11,RFP_3_plate_1,D11,3.61
plate_11,RFP_3_plate_1,D12,2.964
plate_11,RFP_3_plate_1,E1,13.719
plate_11,RFP_3_plate_1,E2,459.202
plate_11,RFP_3_plate_1,E3,165.685
plate_11,RFP_3_plate_1,E4,181.999
plate_11,RFP_3_plate_1,E5,188.397
plate_11,RFP_3_plate_1,E6,161.804
plate_11,RFP_3_plate_1,E7,436.16
plate_11,RFP_3_plate_1,E8,377.831
plate_11,RFP_3_plate_1,E9,275.562
plate_11,RFP_3_plate_1,E10,3.518
plate_11,RFP_3_plate_1,E11,3.121
plate_11,RFP_3_plate_1,E12,2.99
plate_11,RFP_3_plate_1,F1,21.226
plate_11,RFP_3_plate_1,F2,359.88
plate_11,RFP_3_plate_1,F3,139.898
plate_11,RFP_3_plate_1,F4,232.278
plate_11,RFP_3_plate_1,F5,194.689
plate_11,RFP_3_plate_1,F6,434.442
plate_11,RFP_3_plate_1,F7,428.519
plate_11,RFP_3_plate_1,F8,365.046
plate_11,RFP_3_plate_1,F9,311.716
plate_11,RFP_3_plate_1,F10,3.517
plate_11,RFP_3_plate_1,F11,3.351
plate_11,RFP_3_plate_1,F12,3.072
plate_11,RFP_3_plate_1,G1,23.934
plate_11,RFP_3_plate_1,G2,201.569
plate_11,RFP_3_plate_1,G3,182.426
plate_11,RFP_3_plate_1,G4,190.769
plate_11,RFP_3_plate_1,G5,214.509
plate_11,RFP_3_plate_1,G6,518.106
plate_11,RFP_3_plate_1,G7,492.297
plate_11,RFP_3_plate_1,G8,411.098
plate_11,RFP_3_plate_1,G9,309.358
plate_11,RFP_3_plate_1,G10,3.096
plate_11,RFP_3_plate_1,G11,2.82
plate_11,RFP_3_plate_1,G12,1.536
plate_11,RFP_3_plate_1,H1,25.646
plate_11,RFP_3_plate_1,H2,146.819
plate_11,RFP_3_plate_1,H3,20.771
plate_11,RFP_3_plate_1,H4,38.701
plate_11,RFP_3_plate_1,H5,32.036
plate_11,RFP_3_plate_1,H6,45.322
plate_11,RFP_3_plate_1,H7,194.467
plate_11,RFP_3_plate_1,H8,171.987
plate_11,RFP_3_plate_1,H9,60.505
plate_11,RFP_3_plate_1,H10,2.304
plate_11,RFP_3_plate_1,H11,1.7
plate_11,RFP_3_plate_1,H12,1.741
plate_12,RFP_1_plate_1_shaking,A1,25.498
plate_12,RFP_1_plate_1_shaking,A2,9.594
plate_12,RFP_1_plate_1_shaking,A3,6.224
plate_12,RFP_1_plate_1_shaking,A4,7.348
plate_12,RFP_1_plate_1_shaking,A5,7.554
plate_12,RFP_1_plate_1_shaking,A6,7.351
plate_12,RFP_1_plate_1_shaking,A7,8.395
plate_12,RFP_1_plate_1_shaking,A8,7.262
plate_12,RFP_1_plate_1_shaking,A9,3.59
plate_12,RFP_1_plate_1_shaking,A10,3.141
plate_12,RFP_1_plate_1_shaking,A11,3.388
plate_12,RFP_1_plate_1_shaking,A12,3.464
plate_12,RFP_1_plate_1_shaking,B1,23.978
plate_12,RFP_1_plate_1_shaking,B2,10.192
plate_12,RFP_1_plate_1_shaking,B3,6.84
plate_12,RFP_1_plate_1_shaking,B4,7.706
plate_12,RFP_1_plate_1_shaking,B5,7.64
plate_12,RFP_1_plate_1_shaking,B6,7.027
plate_12,RFP_1_plate_1_shaking,B7,7.511
plate_12,RFP_1_plate_1_shaking,B8,7.114
plate_12,RFP_1_plate_1_shaking,B9,3.243
plate_12,RFP_1_plate_1_shaking,B10,2.722
plate_12,RFP_1_plate_1_shaking,B11,2.607
plate_12,RFP_1_plate_1_shaking,B12,2.955
plate_12,RFP_1_plate_1_shaking,C1,25.801
plate_12,RFP_1_plate_1_shaking,C2,8.767
plate_12,RFP_1_plate_1_shaking,C3,6.452
plate_12,RFP_1_plate_1_shaking,C4,6.578
plate_12,RFP_1_plate_1_shaking,C5,7.743
plate_12,RFP_1_plate_1_shaking,C6,7.019
plate_12,RFP_1_plate_1_shaking,C7,7.564
plate_12,RFP_1_plate_1_shaking,C8,6.505
plate_12,RFP_1_plate_1_shaking,C9,6.514
plate_12,RFP_1_plate_1_shaking,C10,3.436
plate_12,RFP_1_plate_1_shaking,C11,3.23
plate_12,RFP_1_plate_1_shaking,C12,3.599
plate_12,RFP_1_plate_1_shaking,D1,24.57
plate_12,RFP_1_plate_1_shaking,D2,8.691
plate_12,RFP_1_plate_1_shaking,D3,6.02
plate_12,RFP_1_plate_1_shaking,D4,7.362
plate_12,RFP_1_plate_1_shaking,D5,7.249
plate_12,RFP_1_plate_1_shaking,D6,6.912
plate_12,RFP_1_plate_1_shaking,D7,7.315
plate_12,RFP_1_plate_1_shaking,D8,6.983
plate_12,RFP_1_plate_1_shaking,D9,6.548
plate_12,RFP_1_plate_1_shaking,D10,3.202
plate_12,RFP_1_plate_1_shaking,D11,3.566
plate_12,RFP_1_plate_1_shaking,D12,3.38
plate_12,RFP_1_plate_1_shaking,E1,23.992
plate_12,RFP_1_plate_1_shaking,E2,8.49
plate_12,RFP_1_plate_1_shaking,E3,6.231
plate_12,RFP_1_plate_1_shaking,E4,7.498
plate_12,RFP_1_plate_1_shaking,E5,7.326
plate_12,RFP_1_plate_1_shaking,E6,7.222
plate_12,RFP_1_plate_1_shaking,E7,7.091
plate_12,RFP_1_plate_1_shaking,E8,6.173
plate_12,RFP_1_plate_1_shaking,E9,6.983
plate_12,RFP_1_plate_1_shaking,E10,3.61
plate_12,RFP_1_plate_1_shaking,E11,3.322
plate_12,RFP_1_plate_1_shaking,E12,3.847
plate_12,RFP_1_plate_1_shaking,F1,24.701
plate_12,RFP_1_plate_1_shaking,F2,9.824
plate_12,RFP_1_plate_1_shaking,F3,6.384
plate_12,RFP_1_plate_1_shaking,F4,7.125
plate_12,RFP_1_plate_1_shaking,F5,6.691
plate_12,RFP_1_plate_1_shaking,F6,7.846
plate_12,RFP_1_plate_1_shaking,F7,7.275
plate_12,RFP_1_plate_1_shaking,F8,6.816
plate_12,RFP_1_plate_1_shaking,F9,3.826
plate_12,RFP_1_plate_1_shaking,F10,5.729
plate_12,RFP_1_plate_1_shaking,F11,3.359
plate_12,RFP_1_plate_1_shaking,F12,3.948
plate_12,RFP_1_plate_1_shaking,G1,22.993
plate_12,RFP_1_plate_1_shaking,G2,9.927
plate_12,RFP_1_plate_1_shaking,G3,7.166
plate_12,RFP_1_plate_1_shaking,G4,6.969
plate_12,RFP_1_plate_1_shaking,G5,7.484
plate_12,RFP_1_plate_1_shaking,G6,7.542
plate_12,RFP_1_plate_1_shaking,G7,7.416
plate_12,RFP_1_plate_1_shaking,G8,6.85
plate_12,RFP_1_plate_1_shaking,G9,6.218
plate_12,RFP_1_plate_1_shaking,G10,3.196
plate_12,RFP_1_plate_1_shaking,G11,3.27
plate_12,RFP_1_plate_1_shaking,G12,3.82
plate_12,RFP_1_plate_1_shaking,H1,25.542
plate_12,RFP_1_plate_1_shaking,H2,10.995
plate_12,RFP_1_plate_1_shaking,H3,6.596
plate_12,RFP_1_plate_1_shaking,H4,6.779
plate_12,RFP_1_plate_1_shaking,H5,7.757
plate_12,RFP_1_plate_1_shaking,H6,7.557
plate_12,RFP_1_plate_1_shaking,H7,7.892
plate_12,RFP_1_plate_1_shaking,H8,7.566
plate_12,RFP_1_plate_1_shaking,H9,3.051
plate_12,RFP_1_plate_1_shaking,H10,2.835
plate_12,RFP_1_plate_1_shaking,H11,3.013
plate_12,RFP_1_plate_1_shaking,H12,3.332
plate_13,RFP_2_plate_1,A1,22.919
plate_13,RFP_2_plate_1,A2,10.38
plate_13,RFP_2_plate_1,A3,7.304
plate_13,RFP_2_plate_1,A4,7.985
plate_13,RFP_2_plate_1,A5,8.906
plate_13,RFP_2_plate_1,A6,7.779
plate_13,RFP_2_plate_1,A7,7.696
plate_13,RFP_2_plate_1,A8,7.626
plate_13,RFP_2_plate_1,A9,3.451
plate_13,RFP_2_plate_1,A10,2.805
plate_13,RFP_2_plate_1,A11,3.07
plate_13,RFP_2_plate_1,A12,2.96
plate_13,RFP_2_plate_1,B1,19.232
plate_13,RFP_2_plate_1,B2,9.114
plate_13,RFP_2_plate_1,B3,6.89
plate_13,RFP_2_plate_1,B4,7.419
plate_13,RFP_2_plate_1,B5,7.349
plate_13,RFP_2_plate_1,B6,7.881
plate_13,RFP_2_plate_1,B7,6.695
plate_13,RFP_2_plate_1,B8,7.492
plate_13,RFP_2_plate_1,B9,3.394
plate_13,RFP_2_plate_1,B10,3.356
plate_13,RFP_2_plate_1,B11,3.139
plate_13,RFP_2_plate_1,B12,3.147
plate_13,RFP_2_plate_1,C1,22.396
plate_13,RFP_2_plate_1,C2,9.047
plate_13,RFP_2_plate_1,C3,6.612
plate_13,RFP_2_plate_1,C4,6.848
plate_13,RFP_2_plate_1,C5,7.756
plate_13,RFP_2_plate_1,C6,8.194
plate_13,RFP_2_plate_1,C7,7.51
plate_13,RFP_2_plate_1,C8,6.75
plate_13,RFP_2_plate_1,C9,4.082
plate_13,RFP_2_plate_1,C10,3.651
plate_13,RFP_2_plate_1,C11,3.371
plate_13,RFP_2_plate_1,C12,3.618
plate_13,RFP_2_plate_1,D1,21.678
plate_13,RFP_2_plate_1,D2,8.446
plate_13,RFP_2_plate_1,D3,6.491
plate_13,RFP_2_plate_1,D4,7.313
plate_13,RFP_2_plate_1,D5,7.237
plate_13,RFP_2_plate_1,D6,7.642
plate_13,RFP_2_plate_1,D7,7.447
plate_13,RFP_2_plate_1,D8,6.963
plate_13,RFP_2_plate_1,D9,3.214
plate_13,RFP_2_plate_1,D10,3.286
plate_13,RFP_2_plate_1,D11,3.308
plate_13,RFP_2_plate_1,D12,3.511
plate_13,RFP_2_plate_1,E1,21.123
plate_13,RFP_2_plate_1,E2,11.251
plate_13,RFP_2_plate_1,E3,7.333
plate_13,RFP_2_plate_1,E4,6.655
plate_13,RFP_2_plate_1,E5,8.083
plate_13,RFP_2_plate_1,E6,6.677
plate_13,RFP_2_plate_1,E7,8.659
plate_13,RFP_2_plate_1,E8,3.846
plate_13,RFP_2_plate_1,E9,3.546
plate_13,RFP_2_plate_1,E10,3.317
plate_13,RFP_2_plate_1,E11,3.288
plate_13,RFP_2_plate_1,E12,3.502
plate_13,RFP_2_plate_1,F1,16.893
plate_13,RFP_2_plate_1,F2,7.862
plate_13,RFP_2_plate_1,F3,6.795
plate_13,RFP_2_plate_1,F4,6.547
plate_13,RFP_2_plate_1,F5,8.016
plate_13,RFP_2_plate_1,F6,7.83
plate_13,RFP_2_plate_1,F7,8.269
plate_13,RFP_2_plate_1,F8,7.932
plate_13,RFP_2_plate_1,F9,3.567
plate_13,RFP_2_plate_1,F10,3.406
plate_13,RFP_2_plate_1,F11,3.303
plate_13,RFP_2_plate_1,F12,3.641
plate_13,RFP_2_plate_1,G1,26.9
plate_13,RFP_2_plate_1,G2,11.881
plate_13,RFP_2_plate_1,G3,7.785
plate_13,RFP_2_plate_1,G4,8.705
plate_13,RFP_2_plate_1,G5,8.456
plate_13,RFP_2_plate_1,G6,9.328
plate_13,RFP_2_plate_1,G7,7.18
plate_13,RFP_2_plate_1,G8,7.616
plate_13,RFP_2_plate_1,G9,6.268
plate_13,RFP_2_plate_1,G10,3.35
plate_13,RFP_2_plate_1,G11,3.177
plate_13,RFP_2_plate_1,G12,3.186
plate_13,RFP_2_plate_1,H1,23.985
plate_13,RFP_2_plate_1,H2,12.629
plate_13,RFP_2_plate_1,H3,8.909
plate_13,RFP_2_plate_1,H4,8.543
plate_13,RFP_2_plate_1,H5,8.296
plate_13,RFP_2_plate_1,H6,8.722
plate_13,RFP_2_plate_1,H7,8.111
plate_13,RFP_2_plate_1,H8,8.177
plate_13,RFP_2_plate_1,H9,3.108
plate_13,RFP_2_plate_1,H10,2.806
plate_13,RFP_2_plate_1,H11,3
plate_13,RFP_2_plate_1,H12,3.137
plate_14,RFP_3_plate_1,A1,25.273
plate_14,RFP_3_plate_1,A2,12.271
plate_14,RFP_3_plate_1,A3,9.473
plate_14,RFP_3_plate_1,A4,9.057
plate_14,RFP_3_plate_1,A5,8.509
plate_14,RFP_3_plate_1,A6,9.467
plate_14,RFP_3_plate_1,A7,8.847
plate_14,RFP_3_plate_1,A8,8.569
plate_14,RFP_3_plate_1,A9,3.328
plate_14,RFP_3_plate_1,A10,3.212
plate_14,RFP_3_plate_1,A11,3.213
plate_14,RFP_3_plate_1,A12,3.288
plate_14,RFP_3_plate_1,B1,20.516
plate_14,RFP_3_plate_1,B2,11.279
plate_14,RFP_3_plate_1,B3,7.834
plate_14,RFP_3_plate_1,B4,7.302
plate_14,RFP_3_plate_1,B5,8.228
plate_14,RFP_3_plate_1,B6,8.145
plate_14,RFP_3_plate_1,B7,7.963
plate_14,RFP_3_plate_1,B8,8.433
plate_14,RFP_3_plate_1,B9,3.219
plate_14,RFP_3_plate_1,B10,3.422
plate_14,RFP_3_plate_1,B11,3.007
plate_14,RFP_3_plate_1,B12,3.334
plate_14,RFP_3_plate_1,C1,22.316
plate_14,RFP_3_plate_1,C2,10.154
plate_14,RFP_3_plate_1,C3,7.594
plate_14,RFP_3_plate_1,C4,7.93
plate_14,RFP_3_plate_1,C5,8.734
plate_14,RFP_3_plate_1,C6,8.11
plate_14,RFP_3_plate_1,C7,8.381
plate_14,RFP_3_plate_1,C8,7.632
plate_14,RFP_3_plate_1,C9,3.086
plate_14,RFP_3_plate_1,C10,3.401
plate_14,RFP_3_plate_1,C11,3.191
plate_14,RFP_3_plate_1,C12,2.894
plate_14,RFP_3_plate_1,D1,19.827
plate_14,RFP_3_plate_1,D2,10.081
plate_14,RFP_3_plate_1,D3,7.73
plate_14,RFP_3_plate_1,D4,7.64
plate_14,RFP_3_plate_1,D5,8.27
plate_14,RFP_3_plate_1,D6,7.074
plate_14,RFP_3_plate_1,D7,7.098
plate_14,RFP_3_plate_1,D8,6.78
plate_14,RFP_3_plate_1,D9,6.884
plate_14,RFP_3_plate_1,D10,3.054
plate_14,RFP_3_plate_1,D11,3.226
plate_14,RFP_3_plate_1,D12,3.37
plate_14,RFP_3_plate_1,E1,21.338
plate_14,RFP_3_plate_1,E2,13.759
plate_14,RFP_3_plate_1,E3,7.361
plate_14,RFP_3_plate_1,E4,7.598
plate_14,RFP_3_plate_1,E5,7.87
plate_14,RFP_3_plate_1,E6,7.963
plate_14,RFP_3_plate_1,E7,7.567
plate_14,RFP_3_plate_1,E8,6.774
plate_14,RFP_3_plate_1,E9,7.361
plate_14,RFP_3_plate_1,E10,7.094
plate_14,RFP_3_plate_1,E11,3.184
plate_14,RFP_3_plate_1,E12,3.117
plate_14,RFP_3_plate_1,F1,23.479
plate_14,RFP_3_plate_1,F2,12.224
plate_14,RFP_3_plate_1,F3,7.465
plate_14,RFP_3_plate_1,F4,7.833
plate_14,RFP_3_plate_1,F5,8.448
plate_14,RFP_3_plate_1,F6,7.096
plate_14,RFP_3_plate_1,F7,7.118
plate_14,RFP_3_plate_1,F8,7.165
plate_14,RFP_3_plate_1,F9,3.158
plate_14,RFP_3_plate_1,F10,3.587
plate_14,RFP_3_plate_1,F11,2.97
plate_14,RFP_3_plate_1,F12,3.842
plate_14,RFP_3_plate_1,G1,22.841
plate_14,RFP_3_plate_1,G2,10.708
plate_14,RFP_3_plate_1,G3,7.485
plate_14,RFP_3_plate_1,G4,8.615
plate_14,RFP_3_plate_1,G5,8.733
plate_14,RFP_3_plate_1,G6,8.423
plate_14,RFP_3_plate_1,G7,8.128
plate_14,RFP_3_plate_1,G8,7.185
plate_14,RFP_3_plate_1,G9,3.547
plate_14,RFP_3_plate_1,G10,3.399
plate_14,RFP_3_plate_1,G11,4
plate_14,RFP_3_plate_1,G12,3.401
plate_14,RFP_3_plate_1,H1,16.417
plate_14,RFP_3_plate_1,H2,18.024
plate_14,RFP_3_plate_1,H3,7.868
plate_14,RFP_3_plate_1,H4,8.712
plate_14,RFP_3_plate_1,H5,8.369
plate_14,RFP_3_plate_1,H6,8.493
plate_14,RFP_3_plate_1,H7,9.21
plate_14,RFP_3_plate_1,H8,8.026
plate_14,RFP_3_plate_1,H9,7.651
plate_14,RFP_3_plate_1,H10,3.361
plate_14,RFP_3_plate_1,H11,3.409
plate_14,RFP_3_plate_1,H12,3.188
plate_15,RFP_1_plate_1_shaking,A1,26.371
plate_15,RFP_1_plate_1_shaking,A2,11.798
plate_15,RFP_1_plate_1_shaking,A3,31.776
plate_15,RFP_1_plate_1_shaking,A4,53.123
plate_15,RFP_1_plate_1_shaking,A5,43.901
plate_15,RFP_1_plate_1_shaking,A6,11.418
plate_15,RFP_1_plate_1_shaking,A7,360.765
plate_15,RFP_1_plate_1_shaking,A8,2.946
plate_15,RFP_1_plate_1_shaking,A9,3.548
plate_15,RFP_1_plate_1_shaking,A10,2.932
plate_15,RFP_1_plate_1_shaking,A11,3.227
plate_15,RFP_1_plate_1_shaking,A12,3.145
plate_15,RFP_1_plate_1_shaking,B1,26.418
plate_15,RFP_1_plate_1_shaking,B2,10.203
plate_15,RFP_1_plate_1_shaking,B3,27.682
plate_15,RFP_1_plate_1_shaking,B4,53.894
plate_15,RFP_1_plate_1_shaking,B5,38.393
plate_15,RFP_1_plate_1_shaking,B6,414.898
plate_15,RFP_1_plate_1_shaking,B7,350.066
plate_15,RFP_1_plate_1_shaking,B8,3.864
plate_15,RFP_1_plate_1_shaking,B9,251.259
plate_15,RFP_1_plate_1_shaking,B10,3.579
plate_15,RFP_1_plate_1_shaking,B11,3.149
plate_15,RFP_1_plate_1_shaking,B12,2.876
plate_15,RFP_1_plate_1_shaking,C1,26.793
plate_15,RFP_1_plate_1_shaking,C2,10.203
plate_15,RFP_1_plate_1_shaking,C3,32.992
plate_15,RFP_1_plate_1_shaking,C4,53.656
plate_15,RFP_1_plate_1_shaking,C5,22.139
plate_15,RFP_1_plate_1_shaking,C6,12.952
plate_15,RFP_1_plate_1_shaking,C7,4.14
plate_15,RFP_1_plate_1_shaking,C8,3.415
plate_15,RFP_1_plate_1_shaking,C9,3.048
plate_15,RFP_1_plate_1_shaking,C10,3.094
plate_15,RFP_1_plate_1_shaking,C11,3.376
plate_15,RFP_1_plate_1_shaking,C12,3.727
plate_15,RFP_1_plate_1_shaking,D1,22.476
plate_15,RFP_1_plate_1_shaking,D2,10.537
plate_15,RFP_1_plate_1_shaking,D3,27.491
plate_15,RFP_1_plate_1_shaking,D4,50.308
plate_15,RFP_1_plate_1_shaking,D5,40.469
plate_15,RFP_1_plate_1_shaking,D6,7.77
plate_15,RFP_1_plate_1_shaking,D7,354.339
plate_15,RFP_1_plate_1_shaking,D8,2.502
plate_15,RFP_1_plate_1_shaking,D9,3.13
plate_15,RFP_1_plate_1_shaking,D10,2.952
plate_15,RFP_1_plate_1_shaking,D11,3.467
plate_15,RFP_1_plate_1_shaking,D12,3.327
plate_15,RFP_1_plate_1_shaking,E1,23.359
plate_15,RFP_1_plate_1_shaking,E2,10.861
plate_15,RFP_1_plate_1_shaking,E3,26.569
plate_15,RFP_1_plate_1_shaking,E4,53.067
plate_15,RFP_1_plate_1_shaking,E5,72.85
plate_15,RFP_1_plate_1_shaking,E6,5.783
plate_15,RFP_1_plate_1_shaking,E7,328.262
plate_15,RFP_1_plate_1_shaking,E8,302.794
plate_15,RFP_1_plate_1_shaking,E9,2.945
plate_15,RFP_1_plate_1_shaking,E10,3.904
plate_15,RFP_1_plate_1_shaking,E11,3.421
plate_15,RFP_1_plate_1_shaking,E12,3.467
plate_15,RFP_1_plate_1_shaking,F1,23.306
plate_15,RFP_1_plate_1_shaking,F2,13.638
plate_15,RFP_1_plate_1_shaking,F3,28.704
plate_15,RFP_1_plate_1_shaking,F4,67.866
plate_15,RFP_1_plate_1_shaking,F5,103.13
plate_15,RFP_1_plate_1_shaking,F6,447.237
plate_15,RFP_1_plate_1_shaking,F7,342.751
plate_15,RFP_1_plate_1_shaking,F8,334.659
plate_15,RFP_1_plate_1_shaking,F9,3.621
plate_15,RFP_1_plate_1_shaking,F10,3.45
plate_15,RFP_1_plate_1_shaking,F11,3.236
plate_15,RFP_1_plate_1_shaking,F12,3.439
plate_15,RFP_1_plate_1_shaking,G1,26.662
plate_15,RFP_1_plate_1_shaking,G2,12.776
plate_15,RFP_1_plate_1_shaking,G3,27.692
plate_15,RFP_1_plate_1_shaking,G4,69.154
plate_15,RFP_1_plate_1_shaking,G5,55.422
plate_15,RFP_1_plate_1_shaking,G6,447.387
plate_15,RFP_1_plate_1_shaking,G7,336.301
plate_15,RFP_1_plate_1_shaking,G8,3.445
plate_15,RFP_1_plate_1_shaking,G9,2.924
plate_15,RFP_1_plate_1_shaking,G10,3.217
plate_15,RFP_1_plate_1_shaking,G11,3.224
plate_15,RFP_1_plate_1_shaking,G12,3.857
plate_15,RFP_1_plate_1_shaking,H1,16.512
plate_15,RFP_1_plate_1_shaking,H2,17.023
plate_15,RFP_1_plate_1_shaking,H3,6.859
plate_15,RFP_1_plate_1_shaking,H4,72.875
plate_15,RFP_1_plate_1_shaking,H5,37.419
plate_15,RFP_1_plate_1_shaking,H6,480.879
plate_15,RFP_1_plate_1_shaking,H7,348.379
plate_15,RFP_1_plate_1_shaking,H8,307.496
plate_15,RFP_1_plate_1_shaking,H9,3.007
plate_15,RFP_1_plate_1_shaking,H10,3.013
plate_15,RFP_1_plate_1_shaking,H11,3.171
plate_15,RFP_1_plate_1_shaking,H12,3.704
plate_16,RFP_2_plate_1,A1,14.676
plate_16,RFP_2_plate_1,A2,46.454
plate_16,RFP_2_plate_1,A3,638.095
plate_16,RFP_2_plate_1,A4,406.291
plate_16,RFP_2_plate_1,A5,430.056
plate_16,RFP_2_plate_1,A6,501.736
plate_16,RFP_2_plate_1,A7,397.091
plate_16,RFP_2_plate_1,A8,275.579
plate_16,RFP_2_plate_1,A9,273.863
plate_16,RFP_2_plate_1,A10,2.518
plate_16,RFP_2_plate_1,A11,3.405
plate_16,RFP_2_plate_1,A12,3.198
plate_16,RFP_2_plate_1,B1,12.21
plate_16,RFP_2_plate_1,B2,37.912
plate_16,RFP_2_plate_1,B3,517.366
plate_16,RFP_2_plate_1,B4,347.027
plate_16,RFP_2_plate_1,B5,431.319
plate_16,RFP_2_plate_1,B6,429.054
plate_16,RFP_2_plate_1,B7,323.071
plate_16,RFP_2_plate_1,B8,291.747
plate_16,RFP_2_plate_1,B9,2.679
plate_16,RFP_2_plate_1,B10,3.683
plate_16,RFP_2_plate_1,B11,2.956
plate_16,RFP_2_plate_1,B12,3.379
plate_16,RFP_2_plate_1,C1,20.143
plate_16,RFP_2_plate_1,C2,45.278
plate_16,RFP_2_plate_1,C3,501.298
plate_16,RFP_2_plate_1,C4,351.364
plate_16,RFP_2_plate_1,C5,392.504
plate_16,RFP_2_plate_1,C6,416.937
plate_16,RFP_2_plate_1,C7,363.197
plate_16,RFP_2_plate_1,C8,3.229
plate_16,RFP_2_plate_1,C9,3.172
plate_16,RFP_2_plate_1,C10,3.136
plate_16,RFP_2_plate_1,C11,2.831
plate_16,RFP_2_plate_1,C12,3.464
plate_16,RFP_2_plate_1,D1,16.242
plate_16,RFP_2_plate_1,D2,35.316
plate_16,RFP_2_plate_1,D3,405.761
plate_16,RFP_2_plate_1,D4,343.869
plate_16,RFP_2_plate_1,D5,397.962
plate_16,RFP_2_plate_1,D6,411.778
plate_16,RFP_2_plate_1,D7,309.562
plate_16,RFP_2_plate_1,D8,3.301
plate_16,RFP_2_plate_1,D9,3.254
plate_16,RFP_2_plate_1,D10,2.878
plate_16,RFP_2_plate_1,D11,3.528
plate_16,RFP_2_plate_1,D12,3.203
plate_16,RFP_2_plate_1,E1,9.269
plate_16,RFP_2_plate_1,E2,11.009
plate_16,RFP_2_plate_1,E3,471.673
plate_16,RFP_2_plate_1,E4,352.522
plate_16,RFP_2_plate_1,E5,391.586
plate_16,RFP_2_plate_1,E6,412.518
plate_16,RFP_2_plate_1,E7,340.003
plate_16,RFP_2_plate_1,E8,283.001
plate_16,RFP_2_plate_1,E9,3.517
plate_16,RFP_2_plate_1,E10,2.698
plate_16,RFP_2_plate_1,E11,3.702
plate_16,RFP_2_plate_1,E12,3.044
plate_16,RFP_2_plate_1,F1,18.234
plate_16,RFP_2_plate_1,F2,61.977
plate_16,RFP_2_plate_1,F3,388.738
plate_16,RFP_2_plate_1,F4,351.532
plate_16,RFP_2_plate_1,F5,400.344
plate_16,RFP_2_plate_1,F6,438.101
plate_16,RFP_2_plate_1,F7,325.484
plate_16,RFP_2_plate_1,F8,3.524
plate_16,RFP_2_plate_1,F9,3.517
plate_16,RFP_2_plate_1,F10,3.253
plate_16,RFP_2_plate_1,F11,3.063
plate_16,RFP_2_plate_1,F12,3.465
plate_16,RFP_2_plate_1,G1,18.833
plate_16,RFP_2_plate_1,G2,63.873
plate_16,RFP_2_plate_1,G3,142.529
plate_16,RFP_2_plate_1,G4,374.827
plate_16,RFP_2_plate_1,G5,394.604
plate_16,RFP_2_plate_1,G6,421.62
plate_16,RFP_2_plate_1,G7,393.468
plate_16,RFP_2_plate_1,G8,272.862
plate_16,RFP_2_plate_1,G9,3.12
plate_16,RFP_2_plate_1,G10,3.29
plate_16,RFP_2_plate_1,G11,2.99
plate_16,RFP_2_plate_1,G12,3.37
plate_16,RFP_2_plate_1,H1,23.199
plate_16,RFP_2_plate_1,H2,53.453
plate_16,RFP_2_plate_1,H3,9.998
plate_16,RFP_2_plate_1,H4,413.053
plate_16,RFP_2_plate_1,H5,14.929
plate_16,RFP_2_plate_1,H6,433.725
plate_16,RFP_2_plate_1,H7,361.249
plate_16,RFP_2_plate_1,H8,3.423
plate_16,RFP_2_plate_1,H9,2.808
plate_16,RFP_2_plate_1,H10,3.278
plate_16,RFP_2_plate_1,H11,3.085
plate_16,RFP_2_plate_1,H12,2.844
plate_17,RFP_3_plate_1,A1,12.996
plate_17,RFP_3_plate_1,A2,16.873
plate_17,RFP_3_plate_1,A3,219.555
plate_17,RFP_3_plate_1,A4,324.641
plate_17,RFP_3_plate_1,A5,355.691
plate_17,RFP_3_plate_1,A6,344.584
plate_17,RFP_3_plate_1,A7,229.051
plate_17,RFP_3_plate_1,A8,3.167
plate_17,RFP_3_plate_1,A9,3.035
plate_17,RFP_3_plate_1,A10,3.137
plate_17,RFP_3_plate_1,A11,3.552
plate_17,RFP_3_plate_1,A12,3.538
plate_17,RFP_3_plate_1,B1,23.816
plate_17,RFP_3_plate_1,B2,90.092
plate_17,RFP_3_plate_1,B3,154.554
plate_17,RFP_3_plate_1,B4,283.798
plate_17,RFP_3_plate_1,B5,353.563
plate_17,RFP_3_plate_1,B6,391.381
plate_17,RFP_3_plate_1,B7,335.979
plate_17,RFP_3_plate_1,B8,2.825
plate_17,RFP_3_plate_1,B9,2.951
plate_17,RFP_3_plate_1,B10,3.191
plate_17,RFP_3_plate_1,B11,2.811
plate_17,RFP_3_plate_1,B12,3.486
plate_17,RFP_3_plate_1,C1,26.037
plate_17,RFP_3_plate_1,C2,73.991
plate_17,RFP_3_plate_1,C3,189.795
plate_17,RFP_3_plate_1,C4,288.083
plate_17,RFP_3_plate_1,C5,341.669
plate_17,RFP_3_plate_1,C6,386.967
plate_17,RFP_3_plate_1,C7,277.795
plate_17,RFP_3_plate_1,C8,3.543
plate_17,RFP_3_plate_1,C9,3.05
plate_17,RFP_3_plate_1,C10,3.251
plate_17,RFP_3_plate_1,C11,2.935
plate_17,RFP_3_plate_1,C12,3.333
plate_17,RFP_3_plate_1,D1,24.518
plate_17,RFP_3_plate_1,D2,45.17
plate_17,RFP_3_plate_1,D3,148.468
plate_17,RFP_3_plate_1,D4,291.884
plate_17,RFP_3_plate_1,D5,345.718
plate_17,RFP_3_plate_1,D6,394.754
plate_17,RFP_3_plate_1,D7,299.934
plate_17,RFP_3_plate_1,D8,3.216
plate_17,RFP_3_plate_1,D9,3.316
plate_17,RFP_3_plate_1,D10,3.566
plate_17,RFP_3_plate_1,D11,3.271
plate_17,RFP_3_plate_1,D12,3.212
plate_17,RFP_3_plate_1,E1,24.79
plate_17,RFP_3_plate_1,E2,70.452
plate_17,RFP_3_plate_1,E3,152.132
plate_17,RFP_3_plate_1,E4,305.875
plate_17,RFP_3_plate_1,E5,346.094
plate_17,RFP_3_plate_1,E6,392.631
plate_17,RFP_3_plate_1,E7,254.493
plate_17,RFP_3_plate_1,E8,257.933
plate_17,RFP_3_plate_1,E9,3.527
plate_17,RFP_3_plate_1,E10,3.802
plate_17,RFP_3_plate_1,E11,3.122
plate_17,RFP_3_plate_1,E12,3.309
plate_17,RFP_3_plate_1,F1,23.48
plate_17,RFP_3_plate_1,F2,102.334
plate_17,RFP_3_plate_1,F3,72.589
plate_17,RFP_3_plate_1,F4,105.085
plate_17,RFP_3_plate_1,F5,341.797
plate_17,RFP_3_plate_1,F6,405.631
plate_17,RFP_3_plate_1,F7,300.626
plate_17,RFP_3_plate_1,F8,3.584
plate_17,RFP_3_plate_1,F9,4.027
plate_17,RFP_3_plate_1,F10,4.102
plate_17,RFP_3_plate_1,F11,3.269
plate_17,RFP_3_plate_1,F12,2.72
plate_17,RFP_3_plate_1,G1,18.498
plate_17,RFP_3_plate_1,G2,98.545
plate_17,RFP_3_plate_1,G3,172.571
plate_17,RFP_3_plate_1,G4,326.61
plate_17,RFP_3_plate_1,G5,355.26
plate_17,RFP_3_plate_1,G6,418.303
plate_17,RFP_3_plate_1,G7,276.432
plate_17,RFP_3_plate_1,G8,2.735
plate_17,RFP_3_plate_1,G9,2.761
plate_17,RFP_3_plate_1,G10,3.679
plate_17,RFP_3_plate_1,G11,2.88
plate_17,RFP_3_plate_1,G12,3.127
plate_17,RFP_3_plate_1,H1,24.335
plate_17,RFP_3_plate_1,H2,11.489
plate_17,RFP_3_plate_1,H3,203.416
plate_17,RFP_3_plate_1,H4,337.239
plate_17,RFP_3_plate_1,H5,367.88
plate_17,RFP_3_plate_1,H6,426.165
plate_17,RFP_3_plate_1,H7,270.296
plate_17,RFP_3_plate_1,H8,2.926
plate_17,RFP_3_plate_1,H9,3.055
plate_17,RFP_3_plate_1,H10,3.111
plate_17,RFP_3_plate_1,H11,3.245
plate_17,RFP_3_plate_1,H12,3.495
plate_18,RFP_1_plate_1_shaking,A1,36.166
plate_18,RFP_1_plate_1_shaking,A2,51.234
plate_18,RFP_1_plate_1_shaking,A3,35.588
plate_18,RFP_1_plate_1_shaking,A4,51.369
plate_18,RFP_1_plate_1_shaking,A5,16.741
plate_18,RFP_1_plate_1_shaking,A6,390.345
plate_18,RFP_1_plate_1_shaking,A7,354.128
plate_18,RFP_1_plate_1_shaking,A8,251.626
plate_18,RFP_1_plate_1_shaking,A9,3.37
plate_18,RFP_1_plate_1_shaking,A10,3.633
plate_18,RFP_1_plate_1_shaking,A11,3.227
plate_18,RFP_1_plate_1_shaking,A12,3.532
plate_18,RFP_1_plate_1_shaking,B1,33.188
plate_18,RFP_1_plate_1_shaking,B2,52.009
plate_18,RFP_1_plate_1_shaking,B3,9.132
plate_18,RFP_1_plate_1_shaking,B4,45.38
plate_18,RFP_1_plate_1_shaking,B5,43.282
plate_18,RFP_1_plate_1_shaking,B6,7.096
plate_18,RFP_1_plate_1_shaking,B7,354.007
plate_18,RFP_1_plate_1_shaking,B8,2.705
plate_18,RFP_1_plate_1_shaking,B9,18.718
plate_18,RFP_1_plate_1_shaking,B10,2.979
plate_18,RFP_1_plate_1_shaking,B11,3.427
plate_18,RFP_1_plate_1_shaking,B12,3.553
plate_18,RFP_1_plate_1_shaking,C1,30.451
plate_18,RFP_1_plate_1_shaking,C2,57.332
plate_18,RFP_1_plate_1_shaking,C3,10.361
plate_18,RFP_1_plate_1_shaking,C4,52.597
plate_18,RFP_1_plate_1_shaking,C5,19.825
plate_18,RFP_1_plate_1_shaking,C6,397.595
plate_18,RFP_1_plate_1_shaking,C7,331.199
plate_18,RFP_1_plate_1_shaking,C8,290.334
plate_18,RFP_1_plate_1_shaking,C9,3.183
plate_18,RFP_1_plate_1_shaking,C10,3.111
plate_18,RFP_1_plate_1_shaking,C11,3.091
plate_18,RFP_1_plate_1_shaking,C12,3.606
plate_18,RFP_1_plate_1_shaking,D1,25.834
plate_18,RFP_1_plate_1_shaking,D2,51.381
plate_18,RFP_1_plate_1_shaking,D3,10.974
plate_18,RFP_1_plate_1_shaking,D4,49.473
plate_18,RFP_1_plate_1_shaking,D5,31.839
plate_18,RFP_1_plate_1_shaking,D6,406.854
plate_18,RFP_1_plate_1_shaking,D7,336.966
plate_18,RFP_1_plate_1_shaking,D8,3.449
plate_18,RFP_1_plate_1_shaking,D9,306.061
plate_18,RFP_1_plate_1_shaking,D10,3.875
plate_18,RFP_1_plate_1_shaking,D11,3.479
plate_18,RFP_1_plate_1_shaking,D12,3.323
plate_18,RFP_1_plate_1_shaking,E1,29.385
plate_18,RFP_1_plate_1_shaking,E2,67.675
plate_18,RFP_1_plate_1_shaking,E3,23.71
plate_18,RFP_1_plate_1_shaking,E4,55.503
plate_18,RFP_1_plate_1_shaking,E5,26.854
plate_18,RFP_1_plate_1_shaking,E6,6.041
plate_18,RFP_1_plate_1_shaking,E7,359.178
plate_18,RFP_1_plate_1_shaking,E8,2.865
plate_18,RFP_1_plate_1_shaking,E9,3.353
plate_18,RFP_1_plate_1_shaking,E10,3.643
plate_18,RFP_1_plate_1_shaking,E11,3.017
plate_18,RFP_1_plate_1_shaking,E12,3.418
plate_18,RFP_1_plate_1_shaking,F1,33.088
plate_18,RFP_1_plate_1_shaking,F2,44.946
plate_18,RFP_1_plate_1_shaking,F3,28.039
plate_18,RFP_1_plate_1_shaking,F4,65.21
plate_18,RFP_1_plate_1_shaking,F5,29.285
plate_18,RFP_1_plate_1_shaking,F6,6.72
plate_18,RFP_1_plate_1_shaking,F7,300.065
plate_18,RFP_1_plate_1_shaking,F8,323.519
plate_18,RFP_1_plate_1_shaking,F9,3.097
plate_18,RFP_1_plate_1_shaking,F10,2.935
plate_18,RFP_1_plate_1_shaking,F11,3.315
plate_18,RFP_1_plate_1_shaking,F12,3.78
plate_18,RFP_1_plate_1_shaking,G1,37.738
plate_18,RFP_1_plate_1_shaking,G2,45.78
plate_18,RFP_1_plate_1_shaking,G3,16.924
plate_18,RFP_1_plate_1_shaking,G4,68.161
plate_18,RFP_1_plate_1_shaking,G5,42.75
plate_18,RFP_1_plate_1_shaking,G6,472.528
plate_18,RFP_1_plate_1_shaking,G7,367.709
plate_18,RFP_1_plate_1_shaking,G8,297.314
plate_18,RFP_1_plate_1_shaking,G9,3.358
plate_18,RFP_1_plate_1_shaking,G10,3.531
plate_18,RFP_1_plate_1_shaking,G11,3.691
plate_18,RFP_1_plate_1_shaking,G12,3.774
plate_18,RFP_1_plate_1_shaking,H1,37.511
plate_18,RFP_1_plate_1_shaking,H2,42.696
plate_18,RFP_1_plate_1_shaking,H3,32.257
plate_18,RFP_1_plate_1_shaking,H4,62.99
plate_18,RFP_1_plate_1_shaking,H5,27.065
plate_18,RFP_1_plate_1_shaking,H6,438.688
plate_18,RFP_1_plate_1_shaking,H7,378.854
plate_18,RFP_1_plate_1_shaking,H8,322.755
plate_18,RFP_1_plate_1_shaking,H9,3.608
plate_18,RFP_1_plate_1_shaking,H10,3.39
plate_18,RFP_1_plate_1_shaking,H11,3.549
plate_18,RFP_1_plate_1_shaking,H12,3.428
plate_19,RFP_2_plate_1,A1,45.766
plate_19,RFP_2_plate_1,A2,41.042
plate_19,RFP_2_plate_1,A3,56.294
plate_19,RFP_2_plate_1,A4,53.854
plate_19,RFP_2_plate_1,A5,23.984
plate_19,RFP_2_plate_1,A6,15.239
plate_19,RFP_2_plate_1,A7,252.746
plate_19,RFP_2_plate_1,A8,2.731
plate_19,RFP_2_plate_1,A9,3.002
plate_19,RFP_2_plate_1,A10,3.174
plate_19,RFP_2_plate_1,A11,3.059
plate_19,RFP_2_plate_1,A12,3.344
plate_19,RFP_2_plate_1,B1,22.573
plate_19,RFP_2_plate_1,B2,56.397
plate_19,RFP_2_plate_1,B3,67.322
plate_19,RFP_2_plate_1,B4,57.816
plate_19,RFP_2_plate_1,B5,23.269
plate_19,RFP_2_plate_1,B6,26.611
plate_19,RFP_2_plate_1,B7,253.411
plate_19,RFP_2_plate_1,B8,2.892
plate_19,RFP_2_plate_1,B9,4.472
plate_19,RFP_2_plate_1,B10,3.135
plate_19,RFP_2_plate_1,B11,3.037
plate_19,RFP_2_plate_1,B12,2.779
plate_19,RFP_2_plate_1,C1,26.744
plate_19,RFP_2_plate_1,C2,52.855
plate_19,RFP_2_plate_1,C3,47.228
plate_19,RFP_2_plate_1,C4,56.113
plate_19,RFP_2_plate_1,C5,33.586
plate_19,RFP_2_plate_1,C6,12.771
plate_19,RFP_2_plate_1,C7,208.653
plate_19,RFP_2_plate_1,C8,295.727
plate_19,RFP_2_plate_1,C9,3.008
plate_19,RFP_2_plate_1,C10,3.315
plate_19,RFP_2_plate_1,C11,3.458
plate_19,RFP_2_plate_1,C12,3.431
plate_19,RFP_2_plate_1,D1,31.158
plate_19,RFP_2_plate_1,D2,60.512
plate_19,RFP_2_plate_1,D3,28.465
plate_19,RFP_2_plate_1,D4,59.473
plate_19,RFP_2_plate_1,D5,28.22
plate_19,RFP_2_plate_1,D6,17.908
plate_19,RFP_2_plate_1,D7,230.918
plate_19,RFP_2_plate_1,D8,2.787
plate_19,RFP_2_plate_1,D9,3.006
plate_19,RFP_2_plate_1,D10,3.662
plate_19,RFP_2_plate_1,D11,2.942
plate_19,RFP_2_plate_1,D12,3.563
plate_19,RFP_2_plate_1,E1,27.277
plate_19,RFP_2_plate_1,E2,51.672
plate_19,RFP_2_plate_1,E3,38.808
plate_19,RFP_2_plate_1,E4,54.438
plate_19,RFP_2_plate_1,E5,29.42
plate_19,RFP_2_plate_1,E6,343.857
plate_19,RFP_2_plate_1,E7,278.149
plate_19,RFP_2_plate_1,E8,270.875
plate_19,RFP_2_plate_1,E9,3.542
plate_19,RFP_2_plate_1,E10,3.39
plate_19,RFP_2_plate_1,E11,3.282
plate_19,RFP_2_plate_1,E12,3.015
plate_19,RFP_2_plate_1,F1,29.115
plate_19,RFP_2_plate_1,F2,64.081
plate_19,RFP_2_plate_1,F3,29.977
plate_19,RFP_2_plate_1,F4,60.877
plate_19,RFP_2_plate_1,F5,76.403
plate_19,RFP_2_plate_1,F6,12.055
plate_19,RFP_2_plate_1,F7,16.892
plate_19,RFP_2_plate_1,F8,255.254
plate_19,RFP_2_plate_1,F9,2.944
plate_19,RFP_2_plate_1,F10,3.037
plate_19,RFP_2_plate_1,F11,3.46
plate_19,RFP_2_plate_1,F12,3.483
plate_19,RFP_2_plate_1,G1,19.987
plate_19,RFP_2_plate_1,G2,57.485
plate_19,RFP_2_plate_1,G3,39.78
plate_19,RFP_2_plate_1,G4,48.575
plate_19,RFP_2_plate_1,G5,36.94
plate_19,RFP_2_plate_1,G6,18.22
plate_19,RFP_2_plate_1,G7,255.635
plate_19,RFP_2_plate_1,G8,3.328
plate_19,RFP_2_plate_1,G9,3.232
plate_19,RFP_2_plate_1,G10,3.239
plate_19,RFP_2_plate_1,G11,3.636
plate_19,RFP_2_plate_1,G12,3.509
plate_19,RFP_2_plate_1,H1,25.756
plate_19,RFP_2_plate_1,H2,58.101
plate_19,RFP_2_plate_1,H3,48.942
plate_19,RFP_2_plate_1,H4,51.331
plate_19,RFP_2_plate_1,H5,30.617
plate_19,RFP_2_plate_1,H6,20.594
plate_19,RFP_2_plate_1,H7,213.221
plate_19,RFP_2_plate_1,H8,3.242
plate_19,RFP_2_plate_1,H9,3.216
plate_19,RFP_2_plate_1,H10,2.732
plate_19,RFP_2_plate_1,H11,3.102
plate_19,RFP_2_plate_1,H12,3.083
plate_20,RFP_3_plate_1,A1,46.548
plate_20,RFP_3_plate_1,A2,22.875
plate_20,RFP_3_plate_1,A3,320.88
plate_20,RFP_3_plate_1,A4,216.06
plate_20,RFP_3_plate_1,A5,254.72
plate_20,RFP_3_plate_1,A6,242.627
plate_20,RFP_3_plate_1,A7,240.324
plate_20,RFP_3_plate_1,A8,197.47
plate_20,RFP_3_plate_1,A9,2.524
plate_20,RFP_3_plate_1,A10,2.845
plate_20,RFP_3_plate_1,A11,3.631
plate_20,RFP_3_plate_1,A12,3.392
plate_20,RFP_3_plate_1,B1,19.948
plate_20,RFP_3_plate_1,B2,65.233
plate_20,RFP_3_plate_1,B3,39.113
plate_20,RFP_3_plate_1,B4,231.704
plate_20,RFP_3_plate_1,B5,209.778
plate_20,RFP_3_plate_1,B6,249.648
plate_20,RFP_3_plate_1,B7,262.21
plate_20,RFP_3_plate_1,B8,204.785
plate_20,RFP_3_plate_1,B9,3.321
plate_20,RFP_3_plate_1,B10,2.908
plate_20,RFP_3_plate_1,B11,2.611
plate_20,RFP_3_plate_1,B12,3.371
plate_20,RFP_3_plate_1,C1,28.982
plate_20,RFP_3_plate_1,C2,49.124
plate_20,RFP_3_plate_1,C3,330.632
plate_20,RFP_3_plate_1,C4,228.658
plate_20,RFP_3_plate_1,C5,192.196
plate_20,RFP_3_plate_1,C6,217.697
plate_20,RFP_3_plate_1,C7,212.215
plate_20,RFP_3_plate_1,C8,208.437
plate_20,RFP_3_plate_1,C9,3.637
plate_20,RFP_3_plate_1,C10,3.007
plate_20,RFP_3_plate_1,C11,3.462
plate_20,RFP_3_plate_1,C12,3.326
plate_20,RFP_3_plate_1,D1,32.718
plate_20,RFP_3_plate_1,D2,50.087
plate_20,RFP_3_plate_1,D3,364.696
plate_20,RFP_3_plate_1,D4,174.54
plate_20,RFP_3_plate_1,D5,200.166
plate_20,RFP_3_plate_1,D6,235.118
plate_20,RFP_3_plate_1,D7,203.25
plate_20,RFP_3_plate_1,D8,265.54
plate_20,RFP_3_plate_1,D9,3.984
plate_20,RFP_3_plate_1,D10,3.604
plate_20,RFP_3_plate_1,D11,3.293
plate_20,RFP_3_plate_1,D12,3.372
plate_20,RFP_3_plate_1,E1,31.412
plate_20,RFP_3_plate_1,E2,64.637
plate_20,RFP_3_plate_1,E3,217.057
plate_20,RFP_3_plate_1,E4,156.616
plate_20,RFP_3_plate_1,E5,198.328
plate_20,RFP_3_plate_1,E6,241.751
plate_20,RFP_3_plate_1,E7,203.143
plate_20,RFP_3_plate_1,E8,3.276
plate_20,RFP_3_plate_1,E9,3.49
plate_20,RFP_3_plate_1,E10,3.549
plate_20,RFP_3_plate_1,E11,3.282
plate_20,RFP_3_plate_1,E12,3.537
plate_20,RFP_3_plate_1,F1,30.444
plate_20,RFP_3_plate_1,F2,52.863
plate_20,RFP_3_plate_1,F3,50.319
plate_20,RFP_3_plate_1,F4,234.83
plate_20,RFP_3_plate_1,F5,220.964
plate_20,RFP_3_plate_1,F6,254.991
plate_20,RFP_3_plate_1,F7,262.977
plate_20,RFP_3_plate_1,F8,232.016
plate_20,RFP_3_plate_1,F9,3.626
plate_20,RFP_3_plate_1,F10,3.555
plate_20,RFP_3_plate_1,F11,2.824
plate_20,RFP_3_plate_1,F12,3.681
plate_20,RFP_3_plate_1,G1,21.681
plate_20,RFP_3_plate_1,G2,62.881
plate_20,RFP_3_plate_1,G3,33.142
plate_20,RFP_3_plate_1,G4,255.165
plate_20,RFP_3_plate_1,G5,221.359
plate_20,RFP_3_plate_1,G6,271.931
plate_20,RFP_3_plate_1,G7,217.244
plate_20,RFP_3_plate_1,G8,201.62
plate_20,RFP_3_plate_1,G9,3.085
plate_20,RFP_3_plate_1,G10,3.668
plate_20,RFP_3_plate_1,G11,4.074
plate_20,RFP_3_plate_1,G12,3.54
plate_20,RFP_3_plate_1,H1,40.011
plate_20,RFP_3_plate_1,H2,75.207
plate_20,RFP_3_plate_1,H3,32.809
plate_20,RFP_3_plate_1,H4,323.94
plate_20,RFP_3_plate_1,H5,247.493
plate_20,RFP_3_plate_1,H6,252.615
plate_20,RFP_3_plate_1,H7,212.897
plate_20,RFP_3_plate_1,H8,2.81
plate_20,RFP_3_plate_1,H9,212.077
plate_20,RFP_3_plate_1,H10,2.652
plate_20,RFP_3_plate_1,H11,2.758
plate_20,RFP_3_plate_1,H12,3.52
plate_21,RFP_1_plate_1_shaking,A1,25.189
plate_21,RFP_1_plate_1_shaking,A2,411.341
plate_21,RFP_1_plate_1_shaking,A3,190.06
plate_21,RFP_1_plate_1_shaking,A4,192.305
plate_21,RFP_1_plate_1_shaking,A5,317.204
plate_21,RFP_1_plate_1_shaking,A6,469.237
plate_21,RFP_1_plate_1_shaking,A7,466.515
plate_21,RFP_1_plate_1_shaking,A8,348.537
plate_21,RFP_1_plate_1_shaking,A9,3.446
plate_21,RFP_1_plate_1_shaking,A10,305.29
plate_21,RFP_1_plate_1_shaking,A11,3.256
plate_21,RFP_1_plate_1_shaking,A12,3.787
plate_21,RFP_1_plate_1_shaking,B1,26.01
plate_21,RFP_1_plate_1_shaking,B2,345.608
plate_21,RFP_1_plate_1_shaking,B3,188.454
plate_21,RFP_1_plate_1_shaking,B4,243.009
plate_21,RFP_1_plate_1_shaking,B5,349.141
plate_21,RFP_1_plate_1_shaking,B6,311.205
plate_21,RFP_1_plate_1_shaking,B7,434.389
plate_21,RFP_1_plate_1_shaking,B8,318.748
plate_21,RFP_1_plate_1_shaking,B9,191.844
plate_21,RFP_1_plate_1_shaking,B10,2.732
plate_21,RFP_1_plate_1_shaking,B11,2.909
plate_21,RFP_1_plate_1_shaking,B12,3.277
plate_21,RFP_1_plate_1_shaking,C1,23.143
plate_21,RFP_1_plate_1_shaking,C2,360.778
plate_21,RFP_1_plate_1_shaking,C3,181.539
plate_21,RFP_1_plate_1_shaking,C4,212.738
plate_21,RFP_1_plate_1_shaking,C5,293.422
plate_21,RFP_1_plate_1_shaking,C6,431.828
plate_21,RFP_1_plate_1_shaking,C7,429.993
plate_21,RFP_1_plate_1_shaking,C8,330.315
plate_21,RFP_1_plate_1_shaking,C9,283.54
plate_21,RFP_1_plate_1_shaking,C10,3.333
plate_21,RFP_1_plate_1_shaking,C11,3.102
plate_21,RFP_1_plate_1_shaking,C12,3.61
plate_21,RFP_1_plate_1_shaking,D1,24.222
plate_21,RFP_1_plate_1_shaking,D2,343.102
plate_21,RFP_1_plate_1_shaking,D3,184.79
plate_21,RFP_1_plate_1_shaking,D4,254.593
plate_21,RFP_1_plate_1_shaking,D5,338.65
plate_21,RFP_1_plate_1_shaking,D6,278.845
plate_21,RFP_1_plate_1_shaking,D7,426.442
plate_21,RFP_1_plate_1_shaking,D8,320.954
plate_21,RFP_1_plate_1_shaking,D9,275.909
plate_21,RFP_1_plate_1_shaking,D10,3.051
plate_21,RFP_1_plate_1_shaking,D11,3.482
plate_21,RFP_1_plate_1_shaking,D12,3.497
plate_21,RFP_1_plate_1_shaking,E1,20.476
plate_21,RFP_1_plate_1_shaking,E2,373.636
plate_21,RFP_1_plate_1_shaking,E3,186.609
plate_21,RFP_1_plate_1_shaking,E4,227.388
plate_21,RFP_1_plate_1_shaking,E5,332.465
plate_21,RFP_1_plate_1_shaking,E6,261.064
plate_21,RFP_1_plate_1_shaking,E7,427.051
plate_21,RFP_1_plate_1_shaking,E8,327.14
plate_21,RFP_1_plate_1_shaking,E9,3.071
plate_21,RFP_1_plate_1_shaking,E10,3.38
plate_21,RFP_1_plate_1_shaking,E11,3.192
plate_21,RFP_1_plate_1_shaking,E12,3.931
plate_21,RFP_1_plate_1_shaking,F1,25.085
plate_21,RFP_1_plate_1_shaking,F2,407.886
plate_21,RFP_1_plate_1_shaking,F3,198.594
plate_21,RFP_1_plate_1_shaking,F4,195.14
plate_21,RFP_1_plate_1_shaking,F5,206.267
plate_21,RFP_1_plate_1_shaking,F6,402.501
plate_21,RFP_1_plate_1_shaking,F7,317.501
plate_21,RFP_1_plate_1_shaking,F8,351.889
plate_21,RFP_1_plate_1_shaking,F9,314.48
plate_21,RFP_1_plate_1_shaking,F10,3.593
plate_21,RFP_1_plate_1_shaking,F11,2.782
plate_21,RFP_1_plate_1_shaking,F12,3.37
plate_21,RFP_1_plate_1_shaking,G1,18.179
plate_21,RFP_1_plate_1_shaking,G2,382.955
plate_21,RFP_1_plate_1_shaking,G3,208.013
plate_21,RFP_1_plate_1_shaking,G4,213.117
plate_21,RFP_1_plate_1_shaking,G5,231.051
plate_21,RFP_1_plate_1_shaking,G6,427.376
plate_21,RFP_1_plate_1_shaking,G7,447.642
plate_21,RFP_1_plate_1_shaking,G8,347.676
plate_21,RFP_1_plate_1_shaking,G9,322.628
plate_21,RFP_1_plate_1_shaking,G10,2.619
plate_21,RFP_1_plate_1_shaking,G11,3.143
plate_21,RFP_1_plate_1_shaking,G12,3.443
plate_21,RFP_1_plate_1_shaking,H1,20.456
plate_21,RFP_1_plate_1_shaking,H2,395.911
plate_21,RFP_1_plate_1_shaking,H3,183.525
plate_21,RFP_1_plate_1_shaking,H4,203.402
plate_21,RFP_1_plate_1_shaking,H5,264.917
plate_21,RFP_1_plate_1_shaking,H6,132.111
plate_21,RFP_1_plate_1_shaking,H7,482.783
plate_21,RFP_1_plate_1_shaking,H8,363.23
plate_21,RFP_1_plate_1_shaking,H9,318.061
plate_21,RFP_1_plate_1_shaking,H10,3.508
plate_21,RFP_1_plate_1_shaking,H11,3.238
plate_21,RFP_1_plate_1_shaking,H12,3.177
plate_22,RFP_2_plate_1,A1,22.349
plate_22,RFP_2_plate_1,A2,409.359
plate_22,RFP_2_plate_1,A3,147.607
plate_22,RFP_2_plate_1,A4,128.174
plate_22,RFP_2_plate_1,A5,89.099
plate_22,RFP_2_plate_1,A6,471.087
plate_22,RFP_2_plate_1,A7,416.265
plate_22,RFP_2_plate_1,A8,340.881
plate_22,RFP_2_plate_1,A9,269.089
plate_22,RFP_2_plate_1,A10,3.819
plate_22,RFP_2_plate_1,A11,3.474
plate_22,RFP_2_plate_1,A12,3.568
plate_22,RFP_2_plate_1,B1,19.977
plate_22,RFP_2_plate_1,B2,361.338
plate_22,RFP_2_plate_1,B3,132.082
plate_22,RFP_2_plate_1,B4,120.592
plate_22,RFP_2_plate_1,B5,103.197
plate_22,RFP_2_plate_1,B6,358.728
plate_22,RFP_2_plate_1,B7,414.965
plate_22,RFP_2_plate_1,B8,340.303
plate_22,RFP_2_plate_1,B9,3.296
plate_22,RFP_2_plate_1,B10,3.609
plate_22,RFP_2_plate_1,B11,2.814
plate_22,RFP_2_plate_1,B12,3.28
plate_22,RFP_2_plate_1,C1,20.44
plate_22,RFP_2_plate_1,C2,312.11
plate_22,RFP_2_plate_1,C3,141.396
plate_22,RFP_2_plate_1,C4,132.145
plate_22,RFP_2_plate_1,C5,90.235
plate_22,RFP_2_plate_1,C6,392.182
plate_22,RFP_2_plate_1,C7,418.96
plate_22,RFP_2_plate_1,C8,335.073
plate_22,RFP_2_plate_1,C9,243.725
plate_22,RFP_2_plate_1,C10,3.559
plate_22,RFP_2_plate_1,C11,224.277
plate_22,RFP_2_plate_1,C12,2.974
plate_22,RFP_2_plate_1,D1,16.252
plate_22,RFP_2_plate_1,D2,344.723
plate_22,RFP_2_plate_1,D3,119.765
plate_22,RFP_2_plate_1,D4,127.191
plate_22,RFP_2_plate_1,D5,75.982
plate_22,RFP_2_plate_1,D6,397.493
plate_22,RFP_2_plate_1,D7,395.643
plate_22,RFP_2_plate_1,D8,328.804
plate_22,RFP_2_plate_1,D9,252.685
plate_22,RFP_2_plate_1,D10,3.119
plate_22,RFP_2_plate_1,D11,3.112
plate_22,RFP_2_plate_1,D12,2.801
plate_22,RFP_2_plate_1,E1,17.928
plate_22,RFP_2_plate_1,E2,194.179
plate_22,RFP_2_plate_1,E3,105.384
plate_22,RFP_2_plate_1,E4,138.202
plate_22,RFP_2_plate_1,E5,111.63
plate_22,RFP_2_plate_1,E6,364.808
plate_22,RFP_2_plate_1,E7,415.693
plate_22,RFP_2_plate_1,E8,275.32
plate_22,RFP_2_plate_1,E9,234.826
plate_22,RFP_2_plate_1,E10,3.006
plate_22,RFP_2_plate_1,E11,3.157
plate_22,RFP_2_plate_1,E12,3.22
plate_22,RFP_2_plate_1,F1,17.765
plate_22,RFP_2_plate_1,F2,296.195
plate_22,RFP_2_plate_1,F3,102.703
plate_22,RFP_2_plate_1,F4,126.438
plate_22,RFP_2_plate_1,F5,112.19
plate_22,RFP_2_plate_1,F6,391.572
plate_22,RFP_2_plate_1,F7,422.038
plate_22,RFP_2_plate_1,F8,326.55
plate_22,RFP_2_plate_1,F9,279.13
plate_22,RFP_2_plate_1,F10,3.587
plate_22,RFP_2_plate_1,F11,2.749
plate_22,RFP_2_plate_1,F12,3.424
plate_22,RFP_2_plate_1,G1,17.579
plate_22,RFP_2_plate_1,G2,333.958
plate_22,RFP_2_plate_1,G3,111.752
plate_22,RFP_2_plate_1,G4,131.826
plate_22,RFP_2_plate_1,G5,130.356
plate_22,RFP_2_plate_1,G6,399.491
plate_22,RFP_2_plate_1,G7,436.411
plate_22,RFP_2_plate_1,G8,330.423
plate_22,RFP_2_plate_1,G9,3.127
plate_22,RFP_2_plate_1,G10,299.514
plate_22,RFP_2_plate_1,G11,2.858
plate_22,RFP_2_plate_1,G12,2.872
plate_22,RFP_2_plate_1,H1,17.972
plate_22,RFP_2_plate_1,H2,379.101
plate_22,RFP_2_plate_1,H3,130.277
plate_22,RFP_2_plate_1,H4,157.982
plate_22,RFP_2_plate_1,H5,95.423
plate_22,RFP_2_plate_1,H6,431.512
plate_22,RFP_2_plate_1,H7,454.902
plate_22,RFP_2_plate_1,H8,340.931
plate_22,RFP_2_plate_1,H9,3.806
plate_22,RFP_2_plate_1,H10,3.02
plate_22,RFP_2_plate_1,H11,2.832
plate_22,RFP_2_plate_1,H12,2.606
plate_23,RFP_3_plate_1,A1,16.619
plate_23,RFP_3_plate_1,A2,342.082
plate_23,RFP_3_plate_1,A3,288.533
plate_23,RFP_3_plate_1,A4,225.465
plate_23,RFP_3_plate_1,A5,320.048
plate_23,RFP_3_plate_1,A6,407.568
plate_23,RFP_3_plate_1,A7,437.918
plate_23,RFP_3_plate_1,A8,312.746
plate_23,RFP_3_plate_1,A9,327.292
plate_23,RFP_3_plate_1,A10,3.285
plate_23,RFP_3_plate_1,A11,2.874
plate_23,RFP_3_plate_1,A12,2.943
plate_23,RFP_3_plate_1,B1,16.39
plate_23,RFP_3_plate_1,B2,443.934
plate_23,RFP_3_plate_1,B3,351.826
plate_23,RFP_3_plate_1,B4,278.395
plate_23,RFP_3_plate_1,B5,202.533
plate_23,RFP_3_plate_1,B6,371.828
plate_23,RFP_3_plate_1,B7,29.662
plate_23,RFP_3_plate_1,B8,360.749
plate_23,RFP_3_plate_1,B9,299.261
plate_23,RFP_3_plate_1,B10,2.52
plate_23,RFP_3_plate_1,B11,3.004
plate_23,RFP_3_plate_1,B12,3.084
plate_23,RFP_3_plate_1,C1,22.296
plate_23,RFP_3_plate_1,C2,397.03
plate_23,RFP_3_plate_1,C3,273.64
plate_23,RFP_3_plate_1,C4,247.052
plate_23,RFP_3_plate_1,C5,192.182
plate_23,RFP_3_plate_1,C6,353.255
plate_23,RFP_3_plate_1,C7,385.684
plate_23,RFP_3_plate_1,C8,334.737
plate_23,RFP_3_plate_1,C9,3.361
plate_23,RFP_3_plate_1,C10,3.103
plate_23,RFP_3_plate_1,C11,2.664
plate_23,RFP_3_plate_1,C12,3.202
plate_23,RFP_3_plate_1,D1,22.196
plate_23,RFP_3_plate_1,D2,386.536
plate_23,RFP_3_plate_1,D3,233.027
plate_23,RFP_3_plate_1,D4,180.234
plate_23,RFP_3_plate_1,D5,145.777
plate_23,RFP_3_plate_1,D6,343.764
plate_23,RFP_3_plate_1,D7,373.906
plate_23,RFP_3_plate_1,D8,345.587
plate_23,RFP_3_plate_1,D9,277.893
plate_23,RFP_3_plate_1,D10,3.09
plate_23,RFP_3_plate_1,D11,3.152
plate_23,RFP_3_plate_1,D12,3.073
plate_23,RFP_3_plate_1,E1,18.73
plate_23,RFP_3_plate_1,E2,393.347
plate_23,RFP_3_plate_1,E3,281.328
plate_23,RFP_3_plate_1,E4,234.646
plate_23,RFP_3_plate_1,E5,173.518
plate_23,RFP_3_plate_1,E6,354.948
plate_23,RFP_3_plate_1,E7,375.975
plate_23,RFP_3_plate_1,E8,300.04
plate_23,RFP_3_plate_1,E9,3.382
plate_23,RFP_3_plate_1,E10,2.643
plate_23,RFP_3_plate_1,E11,3.085
plate_23,RFP_3_plate_1,E12,3.241
plate_23,RFP_3_plate_1,F1,19.762
plate_23,RFP_3_plate_1,F2,361.351
plate_23,RFP_3_plate_1,F3,190.075
plate_23,RFP_3_plate_1,F4,191.251
plate_23,RFP_3_plate_1,F5,133.573
plate_23,RFP_3_plate_1,F6,349.948
plate_23,RFP_3_plate_1,F7,382.001
plate_23,RFP_3_plate_1,F8,343.256
plate_23,RFP_3_plate_1,F9,299.157
plate_23,RFP_3_plate_1,F10,3.467
plate_23,RFP_3_plate_1,F11,2.978
plate_23,RFP_3_plate_1,F12,3.164
plate_23,RFP_3_plate_1,G1,21.818
plate_23,RFP_3_plate_1,G2,481.263
plate_23,RFP_3_plate_1,G3,271.365
plate_23,RFP_3_plate_1,G4,197.561
plate_23,RFP_3_plate_1,G5,279.671
plate_23,RFP_3_plate_1,G6,370.218
plate_23,RFP_3_plate_1,G7,401.139
plate_23,RFP_3_plate_1,G8,375.867
plate_23,RFP_3_plate_1,G9,320.293
plate_23,RFP_3_plate_1,G10,3.269
plate_23,RFP_3_plate_1,G11,2.922
plate_23,RFP_3_plate_1,G12,3.35
plate_23,RFP_3_plate_1,H1,22.684
plate_23,RFP_3_plate_1,H2,489.775
plate_23,RFP_3_plate_1,H3,209.054
plate_23,RFP_3_plate_1,H4,187.171
plate_23,RFP_3_plate_1,H5,173.568
plate_23,RFP_3_plate_1,H6,415
plate_23,RFP_3_plate_1,H7,452.383
plate_23,RFP_3_plate_1,H8,335.727
plate_23,RFP_3_plate_1,H9,2.78
plate_23,RFP_3_plate_1,H10,112.203
plate_23,RFP_3_plate_1,H11,3.474
plate_23,RFP_3_plate_1,H12,2.38